779.844168
779.844357
779.844398
779.844798
788.320416
788.320535
788.320583
788.320626
788.320670
788.320711
788.320756
788.320798
788.320841
788.320924
788.320969
788.321039
788.321083
788.321998
788.322049
788.322093
788.322133
788.322171
788.322207
788.322244
788.322280
788.322315
788.322352
788.322388
788.322426
788.322465
788.322505
788.322542
788.322581
788.322618
788.322656
788.322693
788.322730
788.322770
788.322808
788.322846
788.322911
788.322962
788.323011
788.323060
788.323112
788.323158
788.323244
788.323291
788.323337
788.323387
788.323434
788.323478
788.323523
788.323574
788.323628
788.323664
788.323700
788.323738
788.323776
788.323814
788.323852
788.323889
788.323925
788.323963
788.357762
788.357872
788.357913
788.357953
788.357991
788.358031
788.358071
788.358110
788.358178
788.358219
788.358259
788.358298
788.358338
788.358375
788.358415
788.358454
788.358492
788.358534
788.358571
788.358609
788.358651
788.358691
788.358729
788.358767
788.358805
788.358844
788.358884
788.358922
788.358961
788.359002
788.359042
788.359080
788.359117
788.359156
788.359322
788.359370
788.359412
788.359451
788.359489
788.359529
788.359570
788.359610
788.359648
788.359687
788.359726
788.359764
788.359801
788.359838
788.359877
788.359916
788.359953
788.359995
788.360032
788.360071
788.360128
788.360175
788.360221
788.360267
788.360315
788.360362
788.360410
788.389943
788.390045
788.390086
788.390124
788.390164
788.390202
788.390241
788.390278
788.390316
788.390391
788.390432
788.390471
788.390510
788.390551
788.390589
788.390628
788.390664
788.390700
788.390735
788.390772
788.390810
788.390846
788.390884
788.390920
788.390959
788.390996
788.391033
788.391070
788.391106
788.391144
788.391180
788.391499
788.391543
788.391580
788.391617
788.391655
788.391693
788.391729
788.391771
788.391808
788.391845
788.391881
788.391917
788.391954
788.391990
788.392026
788.392062
788.392098
788.392135
788.392173
788.392211
788.392250
788.392288
788.392325
788.392377
788.392425
788.392473
788.392521
788.392571
788.392617
788.392662
788.417893
788.418009
788.418052
788.418095
788.418140
788.418187
788.418233
788.418313
788.418355
788.418398
788.418439
788.418479
788.418517
788.418559
788.418601
788.419508
788.419565
788.419610
788.419650
788.419686
788.419722
788.419760
788.419796
788.419837
788.419878
788.419916
788.419955
788.419996
788.420032
788.420071
788.420110
788.420147
788.420183
788.420220
788.420281
788.420330
788.420376
788.420421
788.420467
788.420515
788.420560
788.420608
788.420653
788.420698
788.420744
788.420789
788.420833
788.420884
788.420929
788.420973
788.421014
788.421051
788.421088
788.421125
788.421162
788.421198
788.421238
788.421276
788.421314
788.456474
788.456586
788.456627
788.456697
788.456738
788.456780
788.456821
788.456899
788.456941
788.456982
788.457019
788.457061
788.457098
788.457136
788.457173
788.457209
788.457248
788.457285
788.457325
788.457364
788.457401
788.457441
788.457478
788.457517
788.457556
788.457595
788.457633
788.457670
788.457707
788.457744
788.457782
788.457819
788.457856
788.457894
788.457933
788.457970
788.458010
788.458067
788.458105
788.458143
788.458180
788.458217
788.458256
788.458293
788.458329
788.458367
788.458404
788.458446
788.458486
788.458525
788.458564
788.458604
788.494553
788.494663
788.494707
788.494751
788.494795
788.494836
788.494877
788.494921
788.494960
788.495038
788.495090
788.495128
788.495167
788.495228
788.495268
788.495310
788.495351
788.495395
788.495440
788.495485
788.495523
788.495562
788.495602
788.495645
788.495686
788.495730
788.495770
788.495810
788.495854
788.495917
788.495966
788.496009
788.496054
788.496310
788.496372
788.496417
788.496463
788.496508
788.496552
788.496598
788.496638
788.496679
788.496721
788.496760
788.496799
788.496841
788.496880
788.524770
788.524892
788.524937
788.524979
788.525023
788.525062
788.525105
788.525194
788.525237
788.525280
788.525324
788.525362
788.525406
788.525447
788.525490
788.525534
788.525575
788.525614
788.525656
788.525694
788.525733
788.525774
788.525814
788.525857
788.525897
788.525942
788.525983
788.526023
788.526063
788.526105
788.526145
788.526184
788.526225
788.526266
788.526308
788.526348
788.526389
788.526432
788.526471
788.526510
788.526549
788.526587
788.526624
788.526662
788.548093
788.548204
788.548248
788.548291
788.548335
788.548377
788.548420
788.548461
788.548502
788.548575
788.548612
788.548650
788.548690
788.548730
788.548770
788.548810
788.548847
788.548885
788.548922
788.548963
788.549002
788.549042
788.549081
788.549121
788.549158
788.549197
788.549234
788.549273
788.549311
788.549349
788.549387
788.549424
788.549462
788.549498
788.549535
788.549573
788.549611
788.549650
788.549687
788.549726
788.549764
788.549802
788.549841
788.549879
788.549918
788.549956
788.549993
788.591601
788.591725
788.591767
788.591809
788.591852
788.591898
788.591945
788.591989
788.592064
788.592105
788.592148
788.592188
788.592231
788.592269
788.592563
788.592607
788.592647
788.592688
788.592725
788.592763
788.592800
788.592839
788.592879
788.592919
788.592958
788.592998
788.593035
788.593073
788.593109
788.593148
788.593185
788.593222
788.593259
788.593300
788.593337
788.593373
788.593412
788.593449
788.593486
788.593522
788.593558
788.593597
788.593635
788.593672
788.593709
788.593746
788.593784
788.615723
788.615834
788.615878
788.615917
788.615960
788.616005
788.616049
788.616093
788.616173
788.616216
788.616256
788.616296
788.616339
788.616381
788.616423
788.616464
788.616505
788.616545
788.616587
788.616631
788.616672
788.616711
788.616750
788.616789
788.616831
788.616869
788.616970
788.617011
788.617052
788.617093
788.617131
788.617171
788.617212
788.617252
788.617290
788.617329
788.617370
788.617413
788.617456
788.617497
788.617538
788.617576
788.617614
788.617652
788.617694
788.617733
788.617773
788.647528
788.647582
788.647598
788.647612
788.647626
788.647640
788.647654
788.647668
788.647681
788.647694
788.647708
788.647721
788.647735
788.647749
788.647762
788.647774
788.647786
788.647800
788.647813
788.647826
788.647841
788.647854
788.647898
788.647915
788.647929
788.647942
788.647955
788.647967
788.647979
788.647991
788.648004
788.648017
788.648030
788.648044
788.648056
788.648068
788.648082
788.648094
788.648106
788.648117
788.648129
788.648141
788.648153
788.648165
788.648177
788.648189
788.686764
788.686867
788.686911
788.686951
788.686992
788.687029
788.687066
788.687103
788.687175
788.687241
788.687280
788.687319
788.687358
788.687394
788.687430
788.687466
788.687505
788.687547
788.687604
788.687646
788.687686
788.687723
788.687762
788.687799
788.687840
788.687881
788.687921
788.687962
788.688003
788.688042
788.688080
788.688119
788.688161
788.688199
788.688238
788.688274
788.688312
788.688349
788.688387
788.688423
788.688460
788.688499
788.688536
788.688576
788.688614
788.688651
788.688689
788.719455
788.719562
788.719602
788.719643
788.719683
788.719723
788.719764
788.719806
788.719846
788.719919
788.719959
788.719995
788.720033
788.720071
788.720110
788.720149
788.720184
788.720222
788.720259
788.720296
788.720334
788.720371
788.720410
788.720447
788.720483
788.720520
788.720560
788.720599
788.720635
788.720673
788.720711
788.720749
788.720791
788.720828
788.720865
788.720902
788.720941
788.720980
788.721018
788.721055
788.721092
788.721132
788.721169
788.721206
788.721243
788.721282
788.721318
788.757851
788.757958
788.757998
788.758038
788.758077
788.758117
788.758155
788.758193
788.758231
788.758300
788.758340
788.758376
788.758416
788.758455
788.758494
788.758531
788.758568
788.758608
788.758644
788.758681
788.758722
788.758760
788.758798
788.758833
788.758870
788.758907
788.758947
788.758984
788.759022
788.759059
788.759096
788.759137
788.759174
788.759235
788.760180
788.760233
788.760290
788.760491
788.760536
788.760578
788.760615
788.760651
788.760687
788.760725
788.760762
788.760799
788.760835
788.792826
788.792959
788.793005
788.793049
788.793093
788.793136
788.793181
788.793224
788.793308
788.793351
788.793395
788.793441
788.793484
788.793526
788.793568
788.793607
788.793644
788.793850
788.793900
788.793938
788.793979
788.794015
788.794052
788.794088
788.794126
788.794164
788.794200
788.794237
788.794275
788.794312
788.794350
788.794389
788.794431
788.794471
788.794509
788.794546
788.794583
788.794623
788.794659
788.794697
788.794734
788.794772
788.794809
788.794847
788.794884
788.794922
788.794960
788.828272
788.828373
788.828414
788.828452
788.828491
788.828529
788.828571
788.828607
788.828679
788.828720
788.828760
788.828797
788.828834
788.828873
788.828910
788.828946
788.828985
788.829022
788.829058
788.829095
788.829131
788.829171
788.829207
788.829243
788.829279
788.829316
788.829354
788.829393
788.829429
788.829465
788.829505
788.829543
788.829582
788.829618
788.829656
788.829692
788.829729
788.829766
788.829803
788.829840
788.829875
788.829914
788.829950
788.829987
788.830025
788.830062
788.830098
788.856696
788.856806
788.856850
788.857278
788.857331
788.857376
788.857417
788.857459
788.857500
788.857541
788.857580
788.857619
788.857661
788.857699
788.857737
788.857778
788.857820
788.857862
788.857903
788.857944
788.857983
788.858049
788.858093
788.858136
788.858180
788.858220
788.858259
788.858303
788.858343
788.858385
788.858424
788.858463
788.858503
788.858542
788.858582
788.858623
788.858665
788.858705
788.858745
788.858783
788.858822
788.858860
788.858901
788.858939
788.858978
788.859018
788.859056
788.895964
788.896066
788.896108
788.896148
788.896187
788.896227
788.896266
788.896306
788.896344
788.896419
788.896459
788.896499
788.896536
788.896571
788.896607
788.896646
788.896683
788.896718
788.896755
788.896791
788.896827
788.896863
788.896901
788.896937
788.896974
788.897013
788.897049
788.897085
788.897123
788.897159
788.897194
788.897230
788.897266
788.897301
788.897340
788.897376
788.897413
788.897452
788.897488
788.897524
788.897560
788.897596
788.897631
788.897667
788.897703
788.897740
788.897776
788.931516
788.931628
788.931671
788.931712
788.931755
788.931797
788.931838
788.931916
788.931958
788.931997
788.932040
788.932080
788.932118
788.932154
788.932195
788.932233
788.932275
788.932316
788.932357
788.932394
788.932430
788.932467
788.932506
788.932547
788.932584
788.932623
788.932660
788.932697
788.932739
788.932778
788.932817
788.932854
788.932895
788.932938
788.932986
788.933048
788.933097
788.933144
788.933188
788.933257
788.933304
788.933346
788.933389
788.933682
788.933735
788.933775
788.933828
788.947412
788.947533
788.947580
788.947628
788.947670
788.947712
788.947754
788.947831
788.947874
788.947915
788.947959
788.948003
788.948045
788.948087
788.948131
788.948172
788.948215
788.948259
788.948300
788.948341
788.948386
788.948428
788.948467
788.948504
788.948543
788.948583
788.948624
788.948664
788.948706
788.948746
788.948787
788.948828
788.948867
788.948941
788.948984
788.949025
788.949064
788.949101
788.949140
788.949178
788.949218
788.949258
788.949297
788.949336
788.949377
788.949417
788.949457
788.989630
788.989732
788.989774
788.989814
788.989854
788.989894
788.989935
788.989975
788.990050
788.990090
788.990129
788.990165
788.990204
788.990242
788.990278
788.990314
788.990352
788.990388
788.990427
788.990464
788.990500
788.990538
788.990578
788.990613
788.990649
788.990688
788.990724
788.990762
788.990798
788.990836
788.990872
788.990910
788.990946
788.990982
788.991020
788.991057
788.991094
788.991133
788.991169
788.991287
788.991329
788.991367
788.991405
788.991446
788.991483
788.991519
788.991629
789.023832
789.023943
789.023984
789.024028
789.024072
789.024108
789.024147
789.024185
789.024224
789.024297
789.024338
789.024376
789.024414
789.024450
789.024486
789.024527
789.024569
789.024605
789.024643
789.024684
789.024721
789.024762
789.024799
789.024835
789.024872
789.024908
789.024945
789.024982
789.025021
789.025059
789.025098
789.025135
789.025172
789.025212
789.025252
789.025289
789.025329
789.025369
789.025408
789.025448
789.025488
789.025531
789.025569
789.025606
789.025644
789.025682
789.025721
789.056735
789.056840
789.056883
789.056922
789.056962
789.057002
789.057045
789.057086
789.057126
789.057201
789.057239
789.057275
789.057312
789.057353
789.057393
789.057430
789.057629
789.057678
789.057721
789.057757
789.057798
789.057834
789.057871
789.057910
789.057950
789.057988
789.058026
789.058063
789.058144
789.058183
789.058225
789.058261
789.058299
789.058336
789.058373
789.058409
789.058447
789.058483
789.058520
789.058557
789.058596
789.058634
789.058671
789.058709
789.058746
789.058782
789.058820
789.097611
789.097711
789.097752
789.097791
789.097830
789.097870
789.097911
789.097948
789.097987
789.098063
789.098105
789.098144
789.098181
789.098218
789.098253
789.098292
789.098332
789.098369
789.098405
789.098445
789.098483
789.098520
789.098558
789.098594
789.098630
789.098666
789.098702
789.098739
789.098775
789.098816
789.098855
789.098891
789.098929
789.098966
789.099004
789.099042
789.099077
789.099116
789.099153
789.099190
789.099690
789.099741
789.099779
789.099817
789.099853
789.099891
789.099928
789.112618
789.112724
789.112771
789.112814
789.112856
789.112898
789.112936
789.112975
789.113053
789.113093
789.113133
789.113176
789.113214
789.113253
789.113292
789.113336
789.113373
789.113412
789.113449
789.113489
789.113530
789.113567
789.113604
789.113642
789.113681
789.113721
789.113760
789.113798
789.113838
789.113879
789.113916
789.113953
789.113992
789.114033
789.114072
789.114110
789.114147
789.114183
789.114221
789.114259
789.114298
789.114335
789.114373
789.114409
789.114448
789.114486
789.114524
789.156541
789.156644
789.156685
789.156725
789.156765
789.156805
789.156842
789.156880
789.156953
789.156991
789.157032
789.157074
789.157468
789.157523
789.157565
789.157604
789.157645
789.157683
789.157725
789.157761
789.157799
789.157837
789.157880
789.157920
789.157960
789.157998
789.158038
789.158082
789.158121
789.158159
789.158198
789.158239
789.158278
789.158317
789.158357
789.158399
789.158440
789.158484
789.158523
789.158563
789.158601
789.158644
789.158684
789.158721
789.158760
789.158799
789.158838
789.196279
789.196389
789.196434
789.196477
789.196519
789.196563
789.196607
789.196686
789.196727
789.196768
789.196810
789.196852
789.196890
789.196929
789.196969
789.197008
789.197048
789.197087
789.197130
789.197169
789.197211
789.197251
789.197291
789.197330
789.197368
789.197409
789.197448
789.197486
789.197525
789.197563
789.197606
789.197645
789.197684
789.197724
789.197764
789.197807
789.197845
789.197883
789.197923
789.197963
789.198006
789.198046
789.198085
789.198125
789.198163
789.198202
789.198240
789.224805
789.224910
789.224951
789.224991
789.225031
789.225071
789.225108
789.225144
789.225185
789.225224
789.225301
789.225343
789.225379
789.225416
789.225455
789.225495
789.225534
789.225575
789.225612
789.225656
789.225696
789.225733
789.225772
789.225811
789.225848
789.225884
789.225921
789.225962
789.226000
789.226037
789.226076
789.226112
789.226149
789.226187
789.226226
789.226265
789.226305
789.226343
789.226379
789.226416
789.226455
789.226492
789.226531
789.226568
789.226610
789.226648
789.226686
789.260975
789.261080
789.261123
789.261165
789.261206
789.261246
789.261284
789.261327
789.261368
789.261441
789.261479
789.261519
789.261560
789.261599
789.261636
789.261676
789.261714
789.261752
789.261790
789.261828
789.261869
789.261907
789.261945
789.261983
789.262021
789.262061
789.262103
789.262140
789.262178
789.262216
789.262254
789.262295
789.262333
789.262374
789.262413
789.262451
789.262489
789.262527
789.262568
789.262607
789.262648
789.262685
789.262724
789.262762
789.262800
789.262839
789.262881
789.289314
789.289365
789.289381
789.289398
789.289415
789.289431
789.289447
789.289463
789.289478
789.289492
789.289506
789.289520
789.289533
789.289547
789.289558
789.289571
789.289585
789.289598
789.289610
789.289623
789.289638
789.289650
789.289662
789.289676
789.289687
789.289700
789.289712
789.289724
789.289736
789.289761
789.289773
789.289786
789.289798
789.289811
789.289825
789.289838
789.289851
789.289864
789.289877
789.289891
789.289906
789.289920
789.289933
789.289946
789.289959
789.289973
789.289987
789.322447
789.322547
789.322589
789.322666
789.322708
789.322749
789.322789
789.322831
789.322869
789.322943
789.322982
789.323019
789.323054
789.323090
789.323128
789.323166
789.324858
789.324911
789.324949
789.325014
789.325071
789.325119
789.325168
789.325215
789.325260
789.325308
789.325353
789.325400
789.325448
789.325495
789.325542
789.325587
789.325633
789.325677
789.325722
789.325762
789.365635
789.365686
789.365703
789.365719
789.365734
789.365750
789.365765
789.365779
789.365793
789.365807
789.365822
789.365835
789.365847
789.365859
789.365871
789.365883
789.365896
789.365908
789.365923
789.365937
789.365951
789.365963
789.365975
789.365989
789.366001
789.366014
789.366027
789.366040
789.366058
789.366071
789.366083
789.366095
789.366109
789.366122
789.366135
789.366147
789.366159
789.366203
789.366220
789.366234
789.366246
789.366259
789.366270
789.366283
789.366295
789.366307
789.366319
789.390916
789.390976
789.390996
789.391012
789.391030
789.391048
789.391064
789.391077
789.391091
789.391106
789.391122
789.391138
789.391154
789.391169
789.391184
789.391220
789.391236
789.391278
789.391291
789.391305
789.391321
789.391335
789.391350
789.391365
789.391379
789.391393
789.391407
789.391420
789.391433
789.391447
789.391461
789.391475
789.391490
789.391505
789.391519
789.391534
789.391547
789.391563
789.391577
789.391592
789.391608
789.391625
789.391640
789.391655
789.391669
789.391683
789.425755
789.425860
789.425902
789.425944
789.425986
789.426028
789.426068
789.426108
789.426185
789.426224
789.426268
789.426306
789.426346
789.426384
789.426421
789.426458
789.426497
789.426534
789.426576
789.426640
789.426680
789.426717
789.426757
789.426794
789.426834
789.426871
789.426908
789.426946
789.426983
789.427019
789.427059
789.427096
789.427135
789.427173
789.427246
789.427286
789.427327
789.427367
789.427406
789.427444
789.427481
789.427524
789.427563
789.427601
789.427638
789.427679
789.457902
789.458008
789.458067
789.458110
789.458151
789.458189
789.458229
789.458268
789.458341
789.458380
789.458417
789.458456
789.458496
789.458533
789.458572
789.458609
789.458648
789.458687
789.458724
789.458761
789.458797
789.458834
789.458873
789.458913
789.458949
789.458986
789.459025
789.459061
789.459097
789.459135
789.459171
789.459941
789.459991
789.460030
789.460067
789.460123
789.460167
789.460207
789.460243
789.460295
789.460342
789.460389
789.460436
789.460486
789.460534
789.460586
789.493139
789.493245
789.493288
789.493329
789.493369
789.493410
789.493448
789.493485
789.493560
789.493602
789.493638
789.493675
789.493714
789.493754
789.493790
789.493829
789.493865
789.493902
789.493941
789.494000
789.494041
789.494080
789.494116
789.494155
789.494194
789.494235
789.494270
789.494307
789.494343
789.494383
789.494420
789.494456
789.494493
789.494569
789.494609
789.494648
789.494685
789.494726
789.494763
789.494800
789.494837
789.494873
789.494910
789.494947
789.494984
789.495024
789.528248
789.528348
789.528389
789.528429
789.528469
789.528508
789.528546
789.528582
789.528620
789.528656
789.528758
789.528799
789.528838
789.528876
789.528912
789.528950
789.528988
789.529024
789.529060
789.529096
789.529135
789.529171
789.529207
789.529243
789.529281
789.529319
789.529355
789.529391
789.529426
789.529464
789.529502
789.529540
789.529576
789.529612
789.529651
789.529690
789.529726
789.529762
789.529798
789.529837
789.529873
789.529911
789.529947
789.529984
789.531620
789.531676
789.561054
789.561106
789.561122
789.561137
789.561149
789.561163
789.561176
789.561189
789.561203
789.561215
789.561227
789.561241
789.561254
789.561266
789.561279
789.561290
789.561303
789.561316
789.561329
789.561342
789.561355
789.561367
789.561380
789.561393
789.561438
789.561455
789.561467
789.561480
789.561493
789.561505
789.561518
789.561529
789.561541
789.561553
789.561566
789.561578
789.561590
789.561602
789.561613
789.561625
789.561638
789.561651
789.561663
789.561675
789.561687
789.561700
789.592787
789.592910
789.592954
789.592996
789.593040
789.593082
789.593124
789.593166
789.593284
789.593332
789.593371
789.593414
789.593452
789.593493
789.593534
789.593572
789.593612
789.593657
789.593700
789.593740
789.593779
789.593818
789.593856
789.593900
789.593940
789.593979
789.594018
789.594060
789.594101
789.594143
789.594184
789.594226
789.594266
789.594307
789.594352
789.594392
789.594434
789.594475
789.594515
789.594558
789.594601
789.594641
789.594683
789.594724
789.594767
789.594809
789.627226
789.627378
789.627424
789.627467
789.627508
789.627547
789.627587
789.627630
789.627711
789.627753
789.627790
789.627831
789.627869
789.627908
789.627948
789.627988
789.628026
789.628069
789.628114
789.628152
789.628193
789.628234
789.628274
789.628313
789.628351
789.628389
789.628429
789.628467
789.628506
789.628544
789.628583
789.628621
789.628660
789.628698
789.628934
789.628984
789.629022
789.629059
789.629101
789.629138
789.629176
789.629451
789.629502
789.629543
789.629579
789.629616
789.650932
789.651034
789.651076
789.651116
789.651157
789.651197
789.652096
789.652213
789.652300
789.652343
789.652382
789.652421
789.652458
789.652494
789.652531
789.652641
789.652712
789.652752
789.652789
789.652828
789.652867
789.652905
789.652942
789.652981
789.653018
789.653058
789.653096
789.653133
789.653170
789.653207
789.653245
789.653283
789.653321
789.653360
789.653396
789.653434
789.653470
789.653506
789.653546
789.653583
789.653620
789.653658
789.653695
789.653733
789.653769
789.653808
789.653845
789.679026
789.679135
789.679178
789.679563
789.679609
789.679650
789.679688
789.679727
789.679767
789.679806
789.679846
789.679883
789.679921
789.679960
789.679999
789.680039
789.680077
789.680113
789.680151
789.680192
789.680232
789.680272
789.680310
789.680347
789.680385
789.680425
789.680463
789.680501
789.680538
789.680577
789.680617
789.680655
789.680692
789.680731
789.680768
789.680805
789.680846
789.680886
789.680924
789.680962
789.681000
789.681037
789.681074
789.681112
789.681149
789.681190
789.681228
789.722193
789.722997
789.723060
789.723102
789.723144
789.723182
789.723294
789.723340
789.723380
789.723422
789.723463
789.723501
789.723537
789.723576
789.723612
789.723650
789.723688
789.723725
789.723763
789.723801
789.723837
789.723875
789.723912
789.723951
789.723989
789.724025
789.724062
789.724099
789.724138
789.724175
789.724210
789.724248
789.724284
789.724320
789.724359
789.724395
789.724432
789.724469
789.724505
789.724541
789.724579
789.724616
789.724656
789.724695
789.724732
789.724768
789.724804
789.761122
789.761225
789.761266
789.761303
789.761343
789.761383
789.761424
789.761462
789.761500
789.761539
789.761578
789.761615
789.761653
789.761693
789.761730
789.761771
789.761811
789.761848
789.761888
789.761929
789.761967
789.762006
789.762042
789.762618
789.762666
789.762708
789.762746
789.762783
789.762820
789.762857
789.762895
789.762932
789.762973
789.763014
789.763052
789.763092
789.763130
789.763168
789.763303
789.763354
789.763396
789.763481
789.763522
789.763594
789.763648
789.763698
789.763749
789.798388
789.798503
789.798545
789.798588
789.798626
789.798669
789.798711
789.798754
789.798796
789.798839
789.798876
789.798917
789.798956
789.798994
789.799035
789.799075
789.799113
789.799151
789.799192
789.799456
789.799499
789.799544
789.799581
789.799622
789.799660
789.799701
789.799739
789.799776
789.799813
789.799854
789.799892
789.799932
789.799972
789.800011
789.800052
789.800090
789.800127
789.800165
789.800205
789.800243
789.800281
789.800320
789.800357
789.800394
789.800434
789.800473
789.814402
789.814503
789.814544
789.814582
789.814620
789.814660
789.814700
789.814737
789.814776
789.814814
789.814852
789.814891
789.814929
789.814966
789.815003
789.815040
789.815076
789.815114
789.815151
789.815191
789.815892
789.815938
789.815980
789.816016
789.816054
789.816091
789.816127
789.816163
789.816203
789.816242
789.816279
789.816318
789.816355
789.816391
789.816428
789.816465
789.816505
789.816544
789.816583
789.816621
789.816660
789.816700
789.816739
789.816777
789.816842
789.816891
789.860916
789.861072
789.861122
789.861165
789.861203
789.861245
789.861470
789.861520
789.861561
789.861602
789.861714
789.861759
789.861799
789.861840
789.861880
789.861918
789.861956
789.861993
789.862031
789.862071
789.862110
789.862147
789.862187
789.862225
789.862265
789.862303
789.862339
789.862379
789.862417
789.862455
789.862493
789.862531
789.862569
789.862607
789.862644
789.862682
789.862723
789.862762
789.862800
789.862837
789.862874
789.862911
789.862950
789.862987
789.863026
789.863065
789.896656
789.896760
789.896801
789.896840
789.896880
789.896921
789.896959
789.896997
789.897036
789.897146
789.897187
789.897225
789.897263
789.897301
789.897340
789.897377
789.897416
789.897457
789.897495
789.897533
789.897573
789.897608
789.897947
789.897994
789.898031
789.898070
789.898106
789.898144
789.898187
789.898224
789.898259
789.898295
789.898331
789.898370
789.898406
789.898443
789.898478
789.898514
789.898551
789.898588
789.898624
789.898661
789.898697
789.898733
789.898772
789.898811
789.898848
789.925359
789.925473
789.925521
789.925566
789.925608
789.925650
789.925691
789.925736
789.925779
789.925892
789.925937
789.925976
789.926019
789.926059
789.926099
789.926139
789.926183
789.926223
789.926260
789.926299
789.926338
789.926377
789.926416
789.926454
789.926493
789.926531
789.926569
789.926608
789.926648
789.926686
789.926728
789.926766
789.926805
789.926847
789.926889
789.926928
789.926967
789.927008
789.927049
789.927089
789.927131
789.927170
789.927242
789.927287
789.927328
789.927366
789.927404
789.949962
789.950082
789.950130
789.950181
789.950227
789.950272
789.950318
789.950365
789.950417
789.950470
789.950522
789.950572
789.950614
789.950656
789.950699
789.950741
789.950783
789.950827
789.950869
789.950910
789.950953
789.951002
789.951047
789.951088
789.951133
789.951171
789.951307
789.951359
789.951401
789.951444
789.951493
789.951543
789.951597
789.951651
789.951760
789.951818
789.951876
789.951932
789.951985
789.952039
789.952087
789.952144
789.952194
789.952246
789.952300
789.952357
789.952407
789.991523
789.991641
789.991684
789.991726
789.991794
789.991836
789.991877
789.991916
789.991958
789.992079
789.992125
789.992165
789.992208
789.992251
789.992294
789.992337
789.992380
789.992423
789.992464
789.992508
789.992550
789.992590
789.992629
789.992669
789.992712
789.992753
789.992796
789.992833
789.993375
789.993432
789.993471
789.993511
789.993548
789.993586
789.993625
789.993664
789.993703
789.993748
789.993785
789.993820
789.993857
789.993894
789.993930
789.994030
789.994100
789.994164
789.994231
790.026905
790.027010
790.027052
790.027094
790.027134
790.027173
790.027293
790.027342
790.027383
790.027424
790.027467
790.027692
790.027737
790.027777
790.027818
790.027856
790.027898
790.027938
790.027979
790.028133
790.028176
790.028213
790.028248
790.028284
790.028320
790.028356
790.028393
790.028429
790.028467
790.028504
790.028540
790.028578
790.028620
790.028656
790.028693
790.028729
790.028765
790.028802
790.028837
790.028874
790.028910
790.028946
790.028983
790.029020
790.029056
790.029095
790.029131
790.061613
790.061844
790.061891
790.061932
790.061971
790.062010
790.062048
790.062087
790.062127
790.062163
790.062203
790.062239
790.062275
790.062311
790.062352
790.062387
790.062427
790.062464
790.062503
790.062540
790.062581
790.062618
790.062654
790.062689
790.062726
790.062765
790.062802
790.062841
790.062879
790.062918
790.062954
790.062994
790.063033
790.063074
790.063110
790.063147
790.063183
790.063267
790.063308
790.063344
790.063381
790.063418
790.063454
790.063491
790.063532
790.063570
790.063608
790.093379
790.093500
790.093549
790.093596
790.093643
790.093684
790.093967
790.094053
790.094264
790.094314
790.094358
790.094398
790.094438
790.094482
790.094525
790.094567
790.094610
790.094650
790.094692
790.094734
790.094775
790.094815
790.094854
790.094897
790.094937
790.094978
790.095019
790.095060
790.095098
790.095142
790.095182
790.095253
790.095299
790.095341
790.095382
790.095421
790.095458
790.095502
790.095540
790.095578
790.095616
790.095654
790.095692
790.095734
790.095774
790.095885
790.095959
790.127326
790.127436
790.127479
790.127520
790.127563
790.127603
790.127644
790.127684
790.127725
790.127762
790.127801
790.127838
790.127874
790.127910
790.127950
790.127986
790.128027
790.128064
790.128104
790.128141
790.128178
790.128216
790.128254
790.128292
790.128328
790.128369
790.128407
790.128446
790.128486
790.128527
790.128564
790.128601
790.128641
790.128680
790.128718
790.128756
790.128794
790.128832
790.128872
790.128911
790.128949
790.128990
790.129027
790.129066
790.129108
790.129147
790.129186
790.164426
790.164531
790.164572
790.164611
790.164651
790.164694
790.164735
790.164775
790.164890
790.164932
790.164971
790.165009
790.165049
790.165089
790.165128
790.165165
790.165205
790.165247
790.165286
790.165322
790.165359
790.165399
790.165438
790.165474
790.165512
790.165549
790.165586
790.165623
790.165661
790.165698
790.165736
790.165773
790.165811
790.165849
790.165886
790.165929
790.165967
790.166005
790.166042
790.166079
790.166117
790.166158
790.166198
790.166235
790.166275
790.166312
790.166351
790.192274
790.192387
790.192430
790.192471
790.192515
790.192555
790.192594
790.192631
790.192672
790.192784
790.192829
790.192867
790.192909
790.192950
790.192991
790.193032
790.193071
790.193110
790.193148
790.193188
790.193229
790.193267
790.193305
790.193344
790.193381
790.193419
790.193456
790.193496
790.193534
790.193573
790.193612
790.193652
790.193692
790.193733
790.193771
790.193810
790.193848
790.193887
790.193926
790.193966
790.194004
790.194045
790.194085
790.194122
790.194160
790.194199
790.194238
790.228878
790.228932
790.228951
790.228967
790.228983
790.229001
790.229017
790.229031
790.229045
790.229059
790.229073
790.229086
790.229099
790.229115
790.229128
790.229142
790.229156
790.229171
790.229184
790.229197
790.229211
790.229224
790.229239
790.229253
790.229267
790.229281
790.229295
790.229308
790.229322
790.229335
790.229349
790.229362
790.229375
790.229388
790.229401
790.229414
790.229428
790.229441
790.229454
790.229467
790.229480
790.229493
790.229506
790.229520
790.229532
790.229544
790.229557
790.258588
790.258641
790.258657
790.258673
790.258688
790.258704
790.258721
790.258735
790.258750
790.258763
790.258776
790.258790
790.258803
790.258816
790.258829
790.258843
790.258857
790.258869
790.258883
790.258895
790.258909
790.258957
790.258975
790.258988
790.259001
790.259014
790.259028
790.259041
790.259054
790.259066
790.259078
790.259091
790.259103
790.259115
790.259128
790.259140
790.259153
790.259165
790.259178
790.259216
790.259230
790.259245
790.259257
790.259269
790.259282
790.259295
790.259308
790.280373
790.280479
790.280520
790.280559
790.280600
790.280641
790.280682
790.280721
790.280760
790.280800
790.280878
790.280917
790.280956
790.280994
790.281030
790.281067
790.281105
790.281144
790.281181
790.281220
790.281261
790.281302
790.281342
790.281381
790.281421
790.281460
790.281498
790.281535
790.281573
790.281610
790.281649
790.281689
790.281726
790.281762
790.281799
790.281836
790.281876
790.281915
790.281953
790.281990
790.282027
790.282064
790.282101
790.282137
790.282177
790.282214
790.282251
790.315112
790.317395
790.317472
790.317514
790.317554
790.317592
790.317632
790.317672
790.317711
790.317750
790.317788
790.317825
790.317862
790.317898
790.317938
790.317978
790.318015
790.318053
790.318089
790.318125
790.318161
790.318197
790.318234
790.318270
790.318307
790.318346
790.318384
790.318422
790.318459
790.318495
790.318532
790.318568
790.318606
790.318646
790.318724
790.318764
790.318802
790.318840
790.318880
790.318919
790.318956
790.318992
790.319030
790.319067
790.319103
790.319140
790.319176
790.356430
790.356532
790.356612
790.356655
790.356695
790.356733
790.356770
790.356810
790.356847
790.356883
790.356922
790.356962
790.357001
790.357039
790.357079
790.357187
790.357232
790.357271
790.357308
790.357346
790.357386
790.357425
790.357462
790.357502
790.357539
790.357578
790.357618
790.357655
790.357692
790.357732
790.357768
790.357805
790.357843
790.357881
790.357918
790.357956
790.357994
790.358032
790.358069
790.358109
790.358149
790.358187
790.358226
790.358263
790.358300
790.358337
790.358374
790.394979
790.395078
790.395118
790.395157
790.395195
790.395262
790.395303
790.395343
790.395379
790.395418
790.395519
790.395562
790.395599
790.395637
790.395673
790.395710
790.395749
790.395786
790.395822
790.395859
790.395897
790.395935
790.395972
790.396008
790.396047
790.396084
790.396120
790.396156
790.396192
790.396228
790.396265
790.396301
790.396337
790.396375
790.396413
790.396452
790.396489
790.396528
790.396565
790.396602
790.396638
790.396675
790.396711
790.396747
790.396783
790.396820
790.396860
790.425006
790.425124
790.425205
790.425251
790.425294
790.425336
790.425380
790.425427
790.425550
790.425597
790.425641
790.425686
790.425728
790.425774
790.425817
790.425861
790.425904
790.425946
790.425987
790.426031
790.426076
790.426116
790.426157
790.426200
790.426242
790.426284
790.426325
790.426367
790.426409
790.426449
790.426486
790.426524
790.426564
790.426603
790.426642
790.426680
790.426720
790.426761
790.426803
790.426842
790.426884
790.426924
790.426965
790.427004
790.427042
790.427086
790.427126
790.459414
790.459525
790.459567
790.459611
790.459652
790.459695
790.459737
790.459781
790.459823
790.459861
790.459901
790.459942
790.460009
790.460050
790.460089
790.460132
790.460170
790.460208
790.460248
790.460291
790.460330
790.460368
790.460407
790.460447
790.460485
790.460524
790.460566
790.460607
790.460646
790.460685
790.460724
790.460762
790.460802
790.460844
790.460883
790.460921
790.460964
790.461002
790.461044
790.461084
790.461126
790.461165
790.461203
790.461245
790.461291
790.461331
790.461375
790.494290
790.494394
790.494434
790.494474
790.494514
790.494555
790.494595
790.494633
790.494670
790.494782
790.494826
790.494863
790.494902
790.494939
790.494977
790.495017
790.495057
790.495096
790.495135
790.495173
790.495237
790.496020
790.496068
790.496109
790.496148
790.496186
790.496223
790.496261
790.496300
790.496338
790.496375
790.496413
790.496451
790.496487
790.496523
790.497213
790.497255
790.497292
790.497329
790.497366
790.497403
790.497439
790.497474
790.497509
790.497544
790.497583
790.497619
790.517384
790.517488
790.517528
790.517571
790.517612
790.517654
790.517694
790.517734
790.517775
790.517816
790.517856
790.517897
790.517937
790.517975
790.518013
790.518050
790.518088
790.518125
790.518165
790.518203
790.518291
790.518341
790.518379
790.518480
790.518523
790.518564
790.518601
790.518639
790.518677
790.518714
790.518750
790.518788
790.518824
790.518900
790.518941
790.518979
790.519017
790.519054
790.519092
790.519132
790.519169
790.519233
790.519274
790.519311
790.519349
790.519387
790.519423
790.561367
790.561474
790.561517
790.561558
790.561595
790.561635
790.561675
790.561715
790.561751
790.561787
790.561903
790.561946
790.561985
790.562021
790.562061
790.562098
790.562137
790.562174
790.562213
790.562250
790.562287
790.562329
790.562370
790.562407
790.562447
790.562483
790.562521
790.562560
790.562601
790.562639
790.562677
790.562716
790.562753
790.562790
790.562828
790.562864
790.562901
790.562938
790.562975
790.563012
790.563050
790.563088
790.563126
790.563168
790.563247
790.563526
790.563585
790.590940
790.591038
790.591080
790.591121
790.591162
790.592953
790.593024
790.593065
790.593113
790.593153
790.593190
790.593232
790.593270
790.593311
790.593354
790.593398
790.593436
790.593477
790.593517
790.593556
790.593594
790.593631
790.593668
790.593709
790.593747
790.593785
790.593826
790.593865
790.593906
790.593944
790.593982
790.594023
790.594062
790.594100
790.594140
790.594180
790.594220
790.594258
790.594298
790.594336
790.594376
790.594415
790.594454
790.594492
790.594532
790.594639
790.594706
790.616593
790.616694
790.616735
790.616773
790.616813
790.616853
790.616892
790.616932
790.616971
790.617011
790.617052
790.617091
790.617130
790.617169
790.617209
790.617246
790.617282
790.617318
790.617358
790.617395
790.617432
790.617469
790.617506
790.617546
790.617584
790.617621
790.617657
790.617693
790.617732
790.617769
790.617805
790.617845
790.617882
790.617918
790.617955
790.617993
790.618029
790.618065
790.618102
790.618138
790.618174
790.618211
790.618247
790.618283
790.618319
790.618355
790.618391
790.659434
790.659543
790.659586
790.659630
790.659669
790.659710
790.659751
790.659793
790.659831
790.662372
790.662440
790.662480
790.662519
790.662555
790.662592
790.662632
790.662670
790.662709
790.662812
790.662877
790.662943
790.663009
790.663072
790.663135
790.663198
790.663267
790.663338
790.663407
790.694704
790.694818
790.694862
790.694905
790.694945
790.694988
790.696047
790.696103
790.696144
790.696183
790.696221
790.696261
790.696298
790.696334
790.696373
790.696409
790.696447
790.696484
790.696523
790.696563
790.696602
790.696639
790.696678
790.696717
790.696754
790.696792
790.696829
790.696868
790.696907
790.696947
790.696984
790.697022
790.697059
790.697158
790.697226
790.697289
790.697357
790.697421
790.697485
790.697555
790.718327
790.718429
790.718470
790.718510
790.718548
790.718586
790.718625
790.718663
790.718699
790.718737
790.718774
790.718811
790.718852
790.718892
790.718932
790.719008
790.719048
790.719085
790.719122
790.719159
790.719225
790.720132
790.720180
790.720218
790.720255
790.720292
790.720329
790.720370
790.720406
790.720442
790.720482
790.720521
790.720559
790.720599
790.720637
790.720677
790.720716
790.720753
790.720792
790.720828
790.720866
790.720902
790.720939
790.720976
790.721015
790.721052
790.721089
790.757074
790.757178
790.757262
790.757307
790.757349
790.757389
790.757430
790.757547
790.757589
790.757630
790.757668
790.757708
790.757747
790.757787
790.757824
790.757861
790.757901
790.757938
790.757976
790.758014
790.758057
790.758096
790.758135
790.758173
790.758212
790.758249
790.758289
790.758593
790.758642
790.758679
790.758716
790.758754
790.758791
790.758834
790.758872
790.758909
790.758950
790.758989
790.759025
790.759062
790.759102
790.759141
790.759179
790.759250
790.759338
790.759380
790.798254
790.798355
790.798394
790.798433
790.798472
790.798513
790.798551
790.798588
790.798624
790.798663
790.798698
790.798806
790.798849
790.798887
790.798926
790.798961
790.798999
790.799039
790.799076
790.799114
790.799149
790.799187
790.801377
790.801426
790.801469
790.801509
790.801547
790.801587
790.801626
790.801662
790.801701
790.801736
790.801774
790.801812
790.801848
790.801884
790.801919
790.801957
790.801993
790.802029
790.802068
790.802104
790.802143
790.802179
790.802218
790.802257
790.824405
790.824514
790.824556
790.824598
790.824641
790.824683
790.824725
790.824762
790.824803
790.824911
790.824953
790.824996
790.825037
790.825076
790.825120
790.825162
790.825205
790.825247
790.825289
790.825334
790.825375
790.825415
790.825454
790.825496
790.825537
790.825576
790.825618
790.825659
790.825698
790.825737
790.825775
790.825817
790.825857
790.825899
790.825936
790.825974
790.826011
790.826048
790.826086
790.826123
790.826163
790.826200
790.826238
790.826276
790.826316
790.826354
790.867099
790.867234
790.867561
790.867588
790.867606
790.867622
790.867635
790.867649
790.867664
790.867678
790.867692
790.867773
790.867786
790.867804
790.867817
790.867829
790.867842
790.867855
790.867866
790.867879
790.867892
790.867905
790.867918
790.867930
790.867944
790.867956
790.867968
790.867981
790.867993
790.868006
790.868018
790.868030
790.868043
790.868055
790.868067
790.868079
790.868091
790.868103
790.868115
790.868128
790.868140
790.868153
790.868165
790.868176
790.868189
790.868202
790.892262
790.892370
790.892417
790.892464
790.892512
790.892564
790.892609
790.892654
790.892696
790.892780
790.892823
790.892866
790.892912
790.892955
790.892998
790.893041
790.893080
790.893122
790.893165
790.893207
790.893248
790.893288
790.893331
790.893375
790.893419
790.893461
790.893504
790.893548
790.893589
790.893632
790.893679
790.893722
790.893765
790.893805
790.893843
790.893881
790.893920
790.893959
790.893999
790.894038
790.894076
790.894114
790.894153
790.894236
790.894277
790.894317
790.923651
790.923763
790.923815
790.923865
790.923915
790.923964
790.924012
790.924062
790.924200
790.924251
790.924307
790.924351
790.924389
790.924431
790.924475
790.924517
790.924564
790.924603
790.924645
790.924685
790.924728
790.924772
790.924815
790.924856
790.924896
790.924937
790.924978
790.925021
790.925065
790.925111
790.925153
790.925194
790.925237
790.925278
790.925320
790.925361
790.925400
790.925442
790.925486
790.925528
790.925567
790.925608
790.925645
790.925683
790.925724
790.925764
790.950397
790.950501
790.950545
790.950587
790.950625
790.950662
790.950702
790.950740
790.950779
790.950819
790.950921
790.950964
790.950999
790.951035
790.951071
790.951107
790.951148
790.951187
790.951244
790.951282
790.951321
790.951359
790.951395
790.951434
790.951473
790.951509
790.951545
790.951581
790.951620
790.951656
790.951692
790.951728
790.951768
790.951804
790.951840
790.951876
790.951911
790.951947
790.951984
790.952020
790.952056
790.952093
790.952129
790.952165
790.952202
790.952238
790.979549
790.979649
790.979691
790.979732
790.979772
790.979811
790.979851
790.979891
790.979927
790.980001
790.980044
790.980084
790.980122
790.980158
790.980196
790.980236
790.980271
790.980307
790.980343
790.980379
790.980414
790.980450
790.980487
790.980527
790.980562
790.980598
790.980634
790.980669
790.980705
790.980741
790.980776
790.980812
790.980848
790.980888
790.980924
790.980961
790.980999
790.981035
790.981071
790.981108
790.981144
790.981180
790.981215
790.981251
790.981286
790.981323
791.032033
791.032155
791.032205
791.032252
791.032297
791.032345
791.032394
791.032444
791.032491
791.032538
791.032583
791.032629
791.032675
791.032725
791.032773
791.032820
791.032870
791.032922
791.032964
791.033014
791.033065
791.033110
791.033156
791.033202
791.033243
791.033287
791.033331
791.033379
791.033426
791.033475
791.033522
791.033566
791.033611
791.033653
791.033701
791.033746
791.033792
791.033840
791.033886
791.033937
791.033982
791.034026
791.034064
791.034103
791.034146
791.034189
791.062921
791.063027
791.063069
791.063110
791.063150
791.063187
791.063257
791.063300
791.063341
791.063448
791.063491
791.063530
791.063569
791.063609
791.063648
791.063685
791.063723
791.063761
791.063798
791.063837
791.063876
791.063916
791.063952
791.063991
791.064028
791.064064
791.064102
791.064138
791.064178
791.064215
791.064252
791.064289
791.064330
791.064370
791.064407
791.064444
791.064481
791.064521
791.064561
791.064598
791.064635
791.064672
791.064709
791.064745
791.064783
791.064823
791.096444
791.096543
791.096583
791.096622
791.096659
791.096696
791.096733
791.096769
791.096808
791.096845
791.096950
791.096992
791.097030
791.097067
791.097103
791.097139
791.097177
791.097217
791.097253
791.097292
791.097331
791.097367
791.097405
791.097446
791.097485
791.097524
791.097564
791.097600
791.097636
791.097672
791.097707
791.097743
791.097780
791.097816
791.097855
791.097893
791.097930
791.097966
791.098003
791.098039
791.098075
791.098111
791.098148
791.098185
791.098222
791.098259
791.125871
791.125989
791.126034
791.126079
791.126121
791.126162
791.126204
791.126245
791.126287
791.126327
791.126448
791.126493
791.126536
791.126584
791.126623
791.126668
791.126708
791.126749
791.126791
791.126833
791.126872
791.126910
791.126951
791.126990
791.127033
791.127073
791.127113
791.127151
791.127194
791.127294
791.127342
791.127381
791.127420
791.127459
791.127500
791.127539
791.127579
791.127620
791.127661
791.127700
791.127740
791.127779
791.127819
791.127858
791.127897
791.127938
791.161425
791.161524
791.161564
791.161603
791.161641
791.161680
791.161718
791.161758
791.161796
791.161833
791.161940
791.161980
791.162015
791.162053
791.162092
791.162128
791.162166
791.162201
791.162236
791.162277
791.162314
791.162350
791.162388
791.162424
791.162460
791.162496
791.162532
791.162568
791.162604
791.162641
791.162679
791.162716
791.162754
791.162789
791.162825
791.162861
791.162898
791.162933
791.162970
791.163006
791.163042
791.163078
791.163115
791.163154
791.163194
791.163282
791.195680
791.195791
791.195834
791.195875
791.195917
791.195962
791.196003
791.196041
791.196079
791.196119
791.196156
791.196196
791.196234
791.196353
791.196395
791.196433
791.196470
791.196509
791.196546
791.196584
791.196623
791.196660
791.196698
791.196736
791.196774
791.196811
791.196852
791.196894
791.196935
791.196977
791.197017
791.197055
791.197093
791.197135
791.197172
791.197209
791.197251
791.197293
791.197331
791.197371
791.197412
791.197452
791.197493
791.197531
791.197569
791.197609
791.232787
791.232909
791.232951
791.232992
791.233030
791.233070
791.233109
791.233148
791.233186
791.233260
791.233300
791.233338
791.233374
791.233412
791.233451
791.233487
791.233526
791.233562
791.233601
791.233637
791.233674
791.233711
791.233753
791.233791
791.233832
791.233872
791.233908
791.233944
791.233983
791.234019
791.234055
791.234091
791.234128
791.234164
791.234200
791.234236
791.234273
791.234312
791.234348
791.234384
791.234421
791.234465
791.234502
791.234541
791.234579
791.234620
791.257999
791.258108
791.258151
791.258195
791.258236
791.258278
791.258317
791.258393
791.258434
791.258474
791.258513
791.258553
791.258594
791.258634
791.258675
791.258714
791.258754
791.258793
791.258885
791.258930
791.258968
791.259011
791.259056
791.259098
791.259138
791.259175
791.259263
791.259304
791.259342
791.259380
791.259417
791.259455
791.259493
791.259537
791.259577
791.259615
791.259654
791.259692
791.259731
791.259769
791.259806
791.259847
791.259885
791.259922
791.259963
791.260000
791.289337
791.289438
791.289479
791.289519
791.289563
791.289604
791.289644
791.289682
791.289755
791.289795
791.289835
791.289872
791.289909
791.289948
791.289987
791.290027
791.290068
791.290110
791.290146
791.290184
791.290222
791.290259
791.290295
791.290331
791.290367
791.290403
791.290440
791.290478
791.290514
791.290552
791.290589
791.290626
791.290666
791.290703
791.290739
791.290775
791.290816
791.290852
791.290890
791.290929
791.290968
791.291006
791.291046
791.291083
791.291119
791.291157
791.291193
791.324363
791.324463
791.324504
791.324544
791.324581
791.324621
791.324661
791.324700
791.324773
791.324810
791.324846
791.324882
791.324918
791.324957
791.324995
791.325034
791.325074
791.325111
791.325150
791.325187
791.325230
791.325271
791.325310
791.325351
791.325389
791.325427
791.325464
791.325503
791.325541
791.325579
791.325615
791.325653
791.325692
791.325730
791.325767
791.325804
791.325844
791.325881
791.325917
791.325953
791.325994
791.326031
791.326069
791.326108
791.326145
791.326183
791.326221
791.362524
791.362631
791.362674
791.362716
791.362759
791.362800
791.362840
791.362880
791.362920
791.362959
791.363066
791.363108
791.363144
791.363183
791.363293
791.363337
791.363378
791.363418
791.363455
791.363492
791.363528
791.363566
791.363605
791.363642
791.363681
791.363719
791.363757
791.363795
791.363833
791.363872
791.363908
791.363946
791.363986
791.364024
791.364061
791.364100
791.364141
791.364180
791.364219
791.364260
791.364297
791.364338
791.364381
791.364420
791.364457
791.364495
791.364534
791.393649
791.393752
791.393793
791.393830
791.393869
791.393909
791.393948
791.393985
791.394024
791.394064
791.394101
791.394210
791.394255
791.394296
791.394334
791.394375
791.394440
791.394481
791.394525
791.394564
791.394605
791.394643
791.394685
791.394722
791.394761
791.394797
791.394836
791.394875
791.394913
791.394953
791.394989
791.395287
791.395337
791.395374
791.395411
791.395448
791.395484
791.395522
791.395562
791.395601
791.395637
791.395674
791.395713
791.395751
791.395789
791.395825
791.424810
791.424917
791.424959
791.424999
791.425039
791.425078
791.425115
791.425152
791.425191
791.425230
791.425820
791.425867
791.425906
791.425946
791.425986
791.426028
791.426066
791.426101
791.426137
791.426175
791.426212
791.426249
791.426286
791.426326
791.426363
791.426401
791.426438
791.426477
791.426513
791.426554
791.426594
791.426633
791.426671
791.426709
791.426747
791.426786
791.426824
791.426865
791.426903
791.426941
791.426978
791.427017
791.427056
791.427094
791.427131
791.427169
791.464012
791.464114
791.464156
791.464196
791.464235
791.464274
791.464313
791.464351
791.464394
791.464432
791.464471
791.464580
791.464622
791.464658
791.464695
791.464735
791.464774
791.464810
791.464846
791.464885
791.464921
791.464956
791.464994
791.465031
791.465069
791.465105
791.465142
791.465179
791.465218
791.465254
791.465290
791.465326
791.465362
791.465401
791.465437
791.465473
791.465509
791.465545
791.465582
791.465618
791.465659
791.465695
791.465731
791.465766
791.465804
791.465846
791.465883
791.494379
791.494477
791.494518
791.494558
791.494597
791.494632
791.494671
791.494708
791.494747
791.494784
791.494821
791.494860
791.494896
791.495006
791.495050
791.495086
791.495123
791.495160
791.496209
791.496265
791.496303
791.496345
791.496386
791.496424
791.496461
791.496498
791.496539
791.496576
791.496613
791.496651
791.496689
791.496728
791.496767
791.496804
791.496846
791.496883
791.496920
791.496958
791.496995
791.497035
791.497073
791.497110
791.497149
791.497186
791.497223
791.497260
791.497299
791.519213
791.519434
791.519480
791.519526
791.519570
791.519612
791.519654
791.519695
791.519737
791.519778
791.519817
791.519858
791.519900
791.519939
791.519978
791.520020
791.520060
791.520173
791.520216
791.520254
791.520291
791.520330
791.520369
791.520407
791.520451
791.520489
791.520531
791.520570
791.520612
791.520652
791.520694
791.520735
791.520774
791.520813
791.520853
791.520892
791.520930
791.520974
791.521012
791.521052
791.521091
791.521131
791.521171
791.521209
791.521247
791.521287
791.521324
791.550681
791.550791
791.550834
791.550877
791.550919
791.550958
791.550994
791.551033
791.551069
791.551105
791.551210
791.551318
791.551357
791.551394
791.551431
791.551473
791.551510
791.551549
791.551588
791.551627
791.551663
791.551699
791.551737
791.551774
791.551811
791.551850
791.551887
791.551925
791.551967
791.552003
791.552040
791.552076
791.552111
791.552148
791.552187
791.552225
791.552263
791.552300
791.552338
791.552375
791.552417
791.552455
791.552492
791.552529
791.552565
791.552603
791.552641
791.604721
791.604823
791.604865
791.604905
791.604946
791.604985
791.605022
791.605062
791.605099
791.605141
791.605179
791.605218
791.605256
791.605292
791.605331
791.605367
791.605404
791.605444
791.605483
791.605524
791.605560
791.605598
791.605641
791.605682
791.605720
791.605758
791.605796
791.605836
791.605874
791.605912
791.605949
791.605987
791.606028
791.606066
791.606104
791.606144
791.606182
791.606219
791.606258
791.606295
791.606338
791.606378
791.606485
791.606532
791.606570
791.606608
791.628483
791.628535
791.628553
791.628570
791.628585
791.628599
791.628613
791.628628
791.628641
791.628655
791.628668
791.628683
791.628696
791.628709
791.628722
791.628736
791.628749
791.628763
791.628777
791.628789
791.628802
791.628815
791.628856
791.628870
791.628883
791.628895
791.628907
791.628919
791.628931
791.628943
791.628956
791.628968
791.628980
791.628992
791.629004
791.629016
791.629028
791.629039
791.629052
791.629065
791.629076
791.629090
791.629103
791.629116
791.629128
791.629141
791.629153
791.657348
791.657452
791.657494
791.657534
791.657572
791.657610
791.657650
791.657688
791.657728
791.657801
791.657840
791.657916
791.657955
791.657992
791.658029
791.658068
791.658124
791.658164
791.658203
791.658242
791.658278
791.658315
791.658351
791.658390
791.658426
791.658463
791.658501
791.658540
791.658576
791.658615
791.658654
791.658693
791.658729
791.658767
791.658806
791.658843
791.658878
791.658915
791.658954
791.658991
791.659031
791.659068
791.659106
791.659144
791.659180
791.659276
791.659317
791.692298
791.692450
791.692499
791.692540
791.692582
791.692622
791.692659
791.692699
791.692740
791.692856
791.692902
791.692945
791.692986
791.693025
791.693064
791.693105
791.693146
791.693186
791.693226
791.693265
791.693307
791.693345
791.693387
791.693429
791.693470
791.693510
791.693551
791.693592
791.693634
791.693672
791.694367
791.694422
791.694466
791.694504
791.694544
791.694581
791.694618
791.694655
791.694691
791.694727
791.694823
791.694888
791.694950
791.695014
791.695076
791.695139
791.724753
791.724869
791.724913
791.724954
791.724996
791.725038
791.725079
791.725121
791.725163
791.725201
791.725240
791.725283
791.725326
791.725365
791.725405
791.725447
791.725488
791.725528
791.725595
791.725640
791.725680
791.725720
791.725763
791.725805
791.725843
791.725885
791.725926
791.725965
791.726004
791.726042
791.726082
791.726124
791.726163
791.726202
791.726241
791.726280
791.726320
791.726360
791.726400
791.726440
791.726480
791.726519
791.726560
791.726598
791.726637
791.726675
791.726714
791.759055
791.759160
791.759236
791.759397
791.759442
791.759868
791.759972
791.760017
791.760054
791.760094
791.760131
791.760171
791.760211
791.760251
791.760288
791.760330
791.760367
791.760407
791.760445
791.760483
791.760522
791.760562
791.760601
791.760641
791.760679
791.760719
791.760756
791.760792
791.760832
791.760870
791.760908
791.760946
791.760983
791.761020
791.761056
791.761093
791.761131
791.761170
791.761208
791.761246
791.761284
791.761321
791.761359
791.761399
791.761434
791.761471
791.761509
791.795520
791.795636
791.795684
791.795783
791.795826
791.795968
791.796087
791.796132
791.796172
791.796212
791.796249
791.796289
791.796329
791.796372
791.796410
791.796450
791.796487
791.796525
791.796561
791.796601
791.796641
791.796680
791.796720
791.796759
791.796796
791.796835
791.796872
791.796912
791.796949
791.796987
791.797032
791.797071
791.797109
791.797148
791.797189
791.797226
791.797265
791.797302
791.797341
791.797379
791.797417
791.797455
791.797493
791.797531
791.797569
791.797608
791.797647
791.834818
791.834921
791.834962
791.835003
791.835043
791.835083
791.835123
791.835161
791.835707
791.835759
791.835800
791.835841
791.835881
791.835919
791.835956
791.835993
791.836030
791.836068
791.836107
791.836147
791.836184
791.836221
791.836262
791.836299
791.836340
791.836378
791.836416
791.836453
791.836492
791.836530
791.836567
791.836605
791.836644
791.836683
791.836721
791.836761
791.836800
791.836839
791.836878
791.836915
791.836954
791.836991
791.837030
791.837067
791.837104
791.837143
791.837180
791.858729
791.858826
791.858866
791.858905
791.858943
791.858979
791.859018
791.859053
791.859091
791.859193
791.859366
791.859412
791.859452
791.859489
791.859525
791.859564
791.859599
791.859638
791.859674
791.859710
791.859748
791.859784
791.859821
791.859858
791.859894
791.859930
791.859968
791.860004
791.860041
791.860076
791.860115
791.860152
791.860187
791.860224
791.860260
791.860300
791.860336
791.860375
791.860412
791.860449
791.860487
791.860523
791.860559
791.860595
791.860631
791.860667
791.860704
791.887135
791.888167
791.888241
791.888290
791.888334
791.888381
791.888424
791.888466
791.888510
791.888553
791.888596
791.888638
791.888679
791.888722
791.888764
791.888801
791.888841
791.888882
791.888921
791.888960
791.888998
791.889036
791.889074
791.889115
791.889156
791.889195
791.889235
791.889277
791.889316
791.889354
791.889392
791.889470
791.889512
791.889553
791.889591
791.889629
791.889667
791.889705
791.889745
791.889784
791.889823
791.889861
791.889900
791.889939
791.889977
791.890016
791.890059
791.928915
791.929015
791.929056
791.929097
791.929144
791.929184
791.929225
791.929266
791.929306
791.929344
791.929421
791.929462
791.929500
791.929539
791.929577
791.929613
791.929652
791.929691
791.929727
791.929765
791.929801
791.929836
791.929872
791.929910
791.929950
791.929990
791.930027
791.930063
791.930099
791.930136
791.930172
791.930208
791.930245
791.930282
791.930319
791.930358
791.930394
791.930432
791.930469
791.930508
791.930544
791.930580
791.930617
791.930653
791.930689
791.930725
791.930762
791.961979
791.962109
791.962161
791.962214
791.962257
791.962298
791.962337
791.962376
791.962415
791.962534
791.962578
791.962616
791.962657
791.962700
791.962800
791.962839
791.963072
791.963121
791.963162
791.963317
791.963358
791.963399
791.963438
791.963479
791.963516
791.963553
791.963590
791.963627
791.963663
791.963699
791.963736
791.963772
791.963811
791.963847
791.963884
791.963922
791.963958
791.963997
791.964033
791.964070
791.964106
791.964142
791.964178
791.964215
791.964251
791.964287
791.964323
791.994075
791.994197
791.994242
791.994285
791.994329
791.994371
791.994416
791.994461
791.994504
791.994546
791.994950
791.995004
791.995043
791.995085
791.995126
791.995164
791.996653
791.996720
791.996797
791.996852
791.996899
791.996949
791.997000
791.997046
791.997097
791.997144
791.997190
791.997239
791.997287
791.997334
791.997380
791.997430
791.997476
791.997521
791.997562
792.031582
792.031684
792.031724
792.031763
792.031801
792.031840
792.031879
792.031917
792.031956
792.031992
792.032028
792.032063
792.032099
792.032138
792.032178
792.032216
792.032317
792.032357
792.032396
792.032433
792.032471
792.032507
792.032543
792.032579
792.032614
792.032650
792.032688
792.032723
792.032762
792.032799
792.032834
792.032870
792.032906
792.032944
792.032981
792.033017
792.033052
792.033089
792.033126
792.033164
792.033199
792.033235
792.033271
792.033306
792.033345
792.033381
792.033417
792.062803
792.062913
792.062955
792.062996
792.063037
792.063077
792.063118
792.063159
792.063227
792.063267
792.063372
792.063417
792.063455
792.063496
792.063581
792.063620
792.063722
792.063761
792.063800
792.063837
792.063875
792.063914
792.063950
792.063989
792.064024
792.064061
792.064096
792.064134
792.064173
792.064210
792.064245
792.064281
792.064317
792.064352
792.064388
792.064424
792.064460
792.064495
792.064533
792.064569
792.064606
792.064643
792.064679
792.064715
792.064752
792.064788
792.064825
792.098078
792.098179
792.098220
792.098260
792.098300
792.098342
792.098381
792.098417
792.098456
792.098495
792.098532
792.098572
792.098897
792.098940
792.098984
792.099021
792.099063
792.099099
792.099137
792.099174
792.099304
792.099348
792.099385
792.099422
792.099459
792.099498
792.099535
792.099572
792.099608
792.099644
792.099681
792.099718
792.099758
792.099796
792.099833
792.099869
792.099906
792.099943
792.099980
792.100017
792.100056
792.100093
792.100131
792.100170
792.100208
792.100251
792.100289
792.126745
792.126847
792.126890
792.126930
792.126970
792.127052
792.127094
792.127133
792.127171
792.129601
792.129653
792.129693
792.129732
792.129776
792.129816
792.129853
792.129891
792.129928
792.130034
792.130104
792.130172
792.130240
792.130306
792.130375
792.130440
792.130505
792.130569
792.130635
792.167142
792.167633
792.167641
792.167650
792.167657
792.167665
792.167672
792.167680
792.167689
792.167696
792.167704
792.167711
792.167719
792.167726
792.167733
792.167741
792.167748
792.167756
792.167763
792.167770
792.167778
792.167785
792.167793
792.167800
792.167808
792.167815
792.167822
792.167829
792.167836
792.167843
792.167850
792.167858
792.167865
792.167873
792.167880
792.167888
792.167895
792.167902
792.167909
792.167917
792.167924
792.167931
792.167939
792.167946
792.167954
792.167961
792.167969
792.181036
792.181136
792.181180
792.181220
792.181260
792.181299
792.181338
792.181375
792.181412
792.181452
792.181489
792.181598
792.181642
792.181681
792.181720
792.181756
792.181795
792.181834
792.181874
792.181913
792.181949
792.181985
792.182025
792.182061
792.182098
792.182136
792.182173
792.182214
792.182253
792.182294
792.182332
792.182369
792.182408
792.182449
792.182488
792.182525
792.182562
792.182600
792.182638
792.182678
792.182716
792.182753
792.182791
792.182830
792.182867
792.182904
792.182945
792.221958
792.222064
792.222106
792.222146
792.222187
792.222226
792.222266
792.222306
792.222344
792.222384
792.222421
792.222459
792.222498
792.222538
792.222577
792.222615
792.222652
792.222693
792.222730
792.222770
792.222808
792.222848
792.222884
792.222923
792.222961
792.223000
792.223039
792.223076
792.223114
792.223151
792.223188
792.224178
792.224229
792.224275
792.224311
792.224349
792.224386
792.224423
792.224460
792.224500
792.224537
792.224575
792.225453
792.225501
792.225540
792.225585
792.225623
792.248582
792.248685
792.248728
792.248769
792.248809
792.248849
792.248889
792.248929
792.248970
792.249045
792.249085
792.249125
792.249162
792.249204
792.249245
792.249283
792.249319
792.249357
792.249396
792.249434
792.249475
792.249514
792.249552
792.249594
792.249635
792.249677
792.249716
792.249754
792.249794
792.249831
792.249869
792.249908
792.249946
792.249982
792.250019
792.250056
792.250094
792.250134
792.250171
792.250208
792.250245
792.250282
792.250320
792.250360
792.250397
792.250435
792.250472
792.299101
792.299228
792.299270
792.299307
792.299344
792.299380
792.299419
792.299458
792.299497
792.299538
792.299577
792.299618
792.299655
792.299694
792.299730
792.299770
792.299810
792.299850
792.299891
792.299931
792.299970
792.300008
792.300046
792.300087
792.300127
792.300165
792.300204
792.300241
792.300278
792.300318
792.300354
792.300391
792.300427
792.300465
792.300502
792.300541
792.300580
792.300620
792.300657
792.300694
792.300731
792.300769
792.300810
792.300849
792.301025
792.301068
792.301106
792.322026
792.322131
792.322172
792.322213
792.322254
792.322295
792.322334
792.322374
792.322450
792.322491
792.322527
792.322566
792.322602
792.322642
792.322681
792.322720
792.322756
792.322795
792.322831
792.322867
792.322903
792.322938
792.322974
792.323012
792.323048
792.323085
792.323121
792.323160
792.323233
792.323273
792.323310
792.323345
792.323382
792.323418
792.323454
792.323489
792.323525
792.323561
792.323599
792.323635
792.323675
792.323712
792.323748
792.323784
792.323822
792.323858
792.323895
792.361320
792.361426
792.361467
792.361508
792.361550
792.361589
792.361630
792.361672
792.361712
792.361749
792.361818
792.361860
792.361898
792.361934
792.361970
792.362008
792.362048
792.362085
792.362122
792.362160
792.362197
792.362234
792.362272
792.362311
792.362348
792.362385
792.362422
792.362458
792.362500
792.362539
792.362578
792.362618
792.362655
792.362694
792.362733
792.362772
792.362810
792.362848
792.362887
792.362930
792.362970
792.363013
792.363053
792.363093
792.363132
792.363174
792.393583
792.393694
792.393737
792.393777
792.393819
792.393860
792.393901
792.393941
792.393982
792.394024
792.394063
792.394103
792.394141
792.394182
792.394223
792.394264
792.394303
792.394344
792.394382
792.394421
792.394486
792.394527
792.394565
792.394607
792.394646
792.394688
792.394727
792.394769
792.394810
792.394851
792.394890
792.394930
792.394970
792.395009
792.395049
792.395089
792.395129
792.395170
792.395242
792.395940
792.395998
792.396045
792.396085
792.396124
792.396162
792.396200
792.396240
792.433539
792.433652
792.433696
792.433737
792.433778
792.433819
792.433861
792.433978
792.434023
792.434061
792.434104
792.434146
792.434188
792.434254
792.434361
792.434405
792.434446
792.434484
792.434522
792.434559
792.434595
792.434632
792.434669
792.434708
792.434745
792.434782
792.434818
792.434859
792.434898
792.434937
792.434974
792.435011
792.435049
792.435087
792.435125
792.435163
792.435288
792.435331
792.435370
792.435408
792.435446
792.435487
792.435523
792.435561
792.435601
792.435642
792.435681
792.464689
792.464792
792.464834
792.464873
792.464915
792.464954
792.464993
792.465030
792.465069
792.465107
792.465144
792.465250
792.465291
792.465331
792.465371
792.465412
792.465452
792.465492
792.465530
792.465566
792.465604
792.465640
792.465676
792.465715
792.465752
792.465790
792.465828
792.465868
792.465907
792.465945
792.465980
792.466016
792.466053
792.466090
792.466126
792.466163
792.466200
792.466240
792.466277
792.466316
792.466351
792.466391
792.466430
792.466479
792.466519
792.466556
792.466592
792.497170
792.497336
792.497382
792.497425
792.497466
792.497502
792.497542
792.497581
792.497621
792.497662
792.497700
792.497739
792.497776
792.497811
792.497847
792.497886
792.497926
792.497962
792.498001
792.498039
792.498142
792.498185
792.498222
792.498257
792.498293
792.498329
792.498367
792.498404
792.498442
792.498480
792.498516
792.498553
792.498589
792.498626
792.498662
792.498705
792.498744
792.498781
792.498818
792.498855
792.498893
792.498931
792.498969
792.499006
792.499043
792.499080
792.520075
792.520180
792.520224
792.520261
792.520300
792.520340
792.520380
792.520416
792.520454
792.520495
792.520532
792.520571
792.520610
792.520957
792.521001
792.521041
792.521081
792.521119
792.521156
792.521193
792.521269
792.521313
792.521351
792.521388
792.521426
792.521465
792.521501
792.521537
792.521573
792.521609
792.521646
792.521681
792.521718
792.521753
792.521789
792.521828
792.521865
792.521901
792.521938
792.521977
792.522015
792.522051
792.522088
792.522125
792.522161
792.522197
792.561931
792.562049
792.562097
792.562144
792.562191
792.562239
792.562284
792.562331
792.562375
792.562461
792.562505
792.562547
792.562589
792.562631
792.562838
792.562890
792.562935
792.562973
792.563015
792.563057
792.563097
792.563137
792.563177
792.563254
792.563296
792.563336
792.563375
792.563416
792.563456
792.563494
792.563532
792.563571
792.563616
792.563658
792.563697
792.563735
792.563773
792.563811
792.563854
792.563895
792.563934
792.563974
792.564013
792.564054
792.564097
792.564136
792.594159
792.594275
792.594323
792.594370
792.594416
792.594464
792.594509
792.594590
792.594633
792.594676
792.594721
792.594764
792.594809
792.594854
792.594902
792.594945
792.594990
792.595030
792.595072
792.595113
792.595156
792.595200
792.595354
792.595404
792.595446
792.595492
792.595535
792.595576
792.595617
792.595661
792.595704
792.595746
792.595786
792.595829
792.595872
792.595915
792.595957
792.595999
792.596042
792.596084
792.596125
792.596168
792.596208
792.596249
792.596290
792.596330
792.616617
792.616670
792.616687
792.616702
792.616718
792.616733
792.616749
792.616765
792.616778
792.616792
792.616806
792.616820
792.616832
792.616844
792.616856
792.616869
792.616883
792.616897
792.616911
792.616924
792.616937
792.616949
792.616961
792.616974
792.617010
792.617055
792.617071
792.617085
792.617099
792.617111
792.617123
792.617135
792.617148
792.617159
792.617171
792.617184
792.617196
792.617208
792.617220
792.617233
792.617246
792.617259
792.617271
792.617283
792.617295
792.617307
792.657075
792.657189
792.657236
792.657278
792.657322
792.657361
792.657401
792.657443
792.657485
792.657527
792.657647
792.657695
792.657734
792.657777
792.657816
792.657857
792.657895
792.657935
792.657977
792.658018
792.658087
792.658127
792.658168
792.658209
792.658247
792.658285
792.658323
792.658363
792.658401
792.658441
792.658479
792.658520
792.658559
792.658599
792.658639
792.658679
792.658719
792.658762
792.658802
792.658840
792.658877
792.659183
792.659274
792.659318
792.659360
792.659400
792.695562
792.695680
792.695727
792.695770
792.695814
792.695857
792.695899
792.695942
792.695982
792.696025
792.696108
792.696152
792.696194
792.696276
792.696318
792.696357
792.696401
792.696443
792.696485
792.696524
792.696567
792.696605
792.696643
792.696682
792.696722
792.696762
792.696801
792.696839
792.696883
792.696928
792.696967
792.697006
792.697045
792.697082
792.697122
792.697162
792.697202
792.697242
792.697281
792.697320
792.697360
792.697398
792.697441
792.697480
792.697521
792.697560
792.730777
792.730877
792.730917
792.730956
792.730994
792.731033
792.731072
792.731110
792.731149
792.731186
792.731252
792.731293
792.731333
792.731372
792.731411
792.731447
792.731483
792.731521
792.731558
792.731593
792.731632
792.731672
792.731708
792.731744
792.731780
792.731820
792.731858
792.731894
792.731931
792.731966
792.732002
792.732038
792.732074
792.732110
792.732151
792.732187
792.732224
792.732260
792.732297
792.732333
792.732370
792.732406
792.732442
792.732477
792.732513
792.732550
792.759321
792.759428
792.759473
792.759515
792.759557
792.759597
792.759638
792.759679
792.759723
792.759761
792.759870
792.759916
792.759955
792.759996
792.760037
792.760075
792.760112
792.760151
792.760190
792.760232
792.760269
792.760309
792.760349
792.760387
792.760429
792.760469
792.760507
792.760550
792.760588
792.760630
792.760668
792.760711
792.760749
792.760790
792.760830
792.760870
792.760909
792.760947
792.760985
792.761024
792.761062
792.761100
792.761138
792.761177
792.761217
792.761255
792.796726
792.796834
792.796876
792.796981
792.797023
792.797065
792.797105
792.797143
792.797183
792.797222
792.797259
792.797296
792.797337
792.797377
792.797417
792.797458
792.797498
792.797536
792.797573
792.797612
792.797653
792.797695
792.797730
792.797768
792.797808
792.797846
792.797885
792.797926
792.797962
792.797999
792.798039
792.798076
792.798113
792.798151
792.798192
792.798229
792.798267
792.798305
792.798345
792.798450
792.798496
792.798533
792.798570
792.798607
792.798644
792.798681
792.829045
792.829152
792.829196
792.829233
792.829274
792.829344
792.829387
792.829495
792.829539
792.829579
792.829618
792.829659
792.829698
792.829737
792.829778
792.829818
792.829857
792.829895
792.829936
792.829975
792.830012
792.830053
792.830090
792.830128
792.830171
792.830211
792.830502
792.830548
792.830585
792.830622
792.830659
792.830695
792.830731
792.830767
792.830809
792.830849
792.830889
792.830926
792.830961
792.830998
792.831034
792.831073
792.831111
792.831147
792.831183
792.831240
792.866150
792.867325
792.867422
792.867471
792.867521
792.867569
792.867616
792.867667
792.867714
792.867761
792.867807
792.867855
792.867904
792.867950
792.867993
792.868039
792.868081
792.868122
792.868167
792.868209
792.868250
792.868294
792.868341
792.868385
792.868428
792.868471
792.868515
792.868558
792.868603
792.868646
792.868690
792.868733
792.868781
792.868825
792.868869
792.868915
792.868956
792.869003
792.869046
792.869091
792.869133
792.869176
792.869219
792.869262
792.869307
792.869354
792.884716
792.884766
792.884782
792.884796
792.884811
792.884825
792.884840
792.884852
792.884866
792.884880
792.884895
792.884909
792.884923
792.884936
792.884949
792.884962
792.884982
792.884996
792.885010
792.885025
792.885037
792.885050
792.885064
792.885078
792.885091
792.885104
792.885119
792.885131
792.885145
792.885160
792.885172
792.885185
792.885198
792.885211
792.885223
792.885235
792.885247
792.885259
792.885272
792.885284
792.885297
792.885312
792.885326
792.885338
792.885350
792.935545
792.935647
792.935691
792.935732
792.935774
792.935816
792.935855
792.935896
792.935938
792.935981
792.936023
792.936062
792.936105
792.936149
792.936193
792.936235
792.936278
792.936319
792.936357
792.936396
792.936436
792.936478
792.936517
792.936559
792.936597
792.936636
792.936680
792.936721
792.936760
792.936799
792.936837
792.936882
792.936925
792.936964
792.937003
792.937041
792.937123
792.937164
792.937204
792.937245
792.937284
792.937322
792.937359
792.937398
792.937439
792.949573
792.949674
792.949716
792.949758
792.949798
792.949836
792.949876
792.949915
792.949955
792.949993
792.950030
792.950070
792.950108
792.950148
792.950186
792.950226
792.950267
792.950307
792.950343
792.950379
792.950416
792.950453
792.950490
792.950527
792.950564
792.950604
792.950640
792.950678
792.950781
792.950825
792.950862
792.950898
792.950936
792.950973
792.951009
792.951047
792.951086
792.951125
792.951162
792.951232
792.951449
792.951497
792.951537
792.951576
792.951619
792.996418
792.996517
792.996558
792.996596
792.996635
792.996674
792.996712
792.996747
792.996786
792.996824
792.996863
792.996901
792.996941
792.996978
792.997015
792.997051
792.997086
792.997122
792.997161
792.997198
792.997235
792.997273
792.997384
792.997428
792.997464
792.997502
792.997539
792.997575
792.997610
792.997646
792.997683
792.997719
792.997755
792.997790
792.997830
792.997868
792.997904
792.997942
792.997978
792.998014
792.998053
792.998089
792.998126
792.998162
792.998198
792.998234
793.024584
793.024682
793.024724
793.024764
793.024804
793.024841
793.024881
793.024922
793.024962
793.025000
793.025039
793.025080
793.025120
793.025159
793.025204
793.025247
793.025287
793.025328
793.025367
793.025406
793.025449
793.025490
793.025529
793.025569
793.025611
793.025654
793.025695
793.025736
793.025779
793.025825
793.025938
793.025986
793.026026
793.026071
793.026114
793.026158
793.026203
793.026249
793.026289
793.026331
793.026378
793.026419
793.026462
793.026507
793.026548
793.026595
793.065532
793.065634
793.065674
793.065713
793.065751
793.065791
793.065831
793.065867
793.065905
793.065944
793.065982
793.066021
793.066060
793.066099
793.066135
793.066245
793.066286
793.066323
793.066361
793.066401
793.066437
793.066473
793.066508
793.066543
793.066581
793.066618
793.066653
793.066689
793.066728
793.066764
793.066801
793.066841
793.066877
793.066914
793.066951
793.066987
793.067023
793.067060
793.067095
793.067132
793.067168
793.067252
793.067295
793.067333
793.067371
793.086494
793.086585
793.086626
793.086665
793.086704
793.086741
793.086781
793.086820
793.086859
793.086898
793.086937
793.086974
793.087010
793.087048
793.087086
793.087185
793.088035
793.088083
793.088121
793.088157
793.088198
793.088237
793.088274
793.088312
793.088348
793.088387
793.088423
793.088459
793.088497
793.088535
793.088572
793.088608
793.088644
793.088681
793.088720
793.088756
793.088791
793.088827
793.088863
793.088898
793.088934
793.088972
793.089008
793.089045
793.089081
793.130463
793.130564
793.130605
793.130643
793.130687
793.130727
793.130767
793.130806
793.130846
793.130882
793.130994
793.131037
793.131078
793.131120
793.131157
793.131196
793.131372
793.131416
793.131455
793.131492
793.131530
793.131567
793.131609
793.131647
793.131684
793.131721
793.131758
793.131798
793.131838
793.131876
793.131915
793.131951
793.131988
793.132027
793.132065
793.132102
793.132139
793.132176
793.132213
793.132251
793.132288
793.132329
793.132367
793.132404
793.132440
793.132481
793.161123
793.161233
793.161276
793.161317
793.161359
793.161401
793.161444
793.161483
793.161524
793.161637
793.161681
793.161722
793.161762
793.161800
793.161840
793.161880
793.161922
793.161961
793.162000
793.162038
793.162076
793.162115
793.162155
793.162194
793.162234
793.162273
793.162311
793.162351
793.162389
793.162430
793.162469
793.162506
793.162543
793.162582
793.162620
793.162658
793.162696
793.162736
793.162774
793.162811
793.162849
793.162888
793.162926
793.162965
793.163003
793.163045
793.196046
793.196192
793.196239
793.196283
793.196330
793.196374
793.196424
793.196464
793.196504
793.196551
793.196593
793.196638
793.196682
793.196723
793.196767
793.196808
793.196854
793.196899
793.196940
793.196982
793.197027
793.197071
793.197113
793.197156
793.197196
793.197238
793.197285
793.197673
793.197721
793.197759
793.197799
793.197837
793.197876
793.197918
793.197958
793.197996
793.198034
793.198074
793.198113
793.198151
793.198192
793.198230
793.198269
793.198311
793.198349
793.198387
793.224250
793.224303
793.224320
793.224337
793.224354
793.224371
793.224387
793.224402
793.224415
793.224427
793.224441
793.224453
793.224467
793.224479
793.224492
793.224505
793.224517
793.224530
793.224542
793.224555
793.224568
793.224581
793.224594
793.224608
793.224621
793.224666
793.224681
793.224694
793.224706
793.224720
793.224734
793.224746
793.224759
793.224771
793.224783
793.224795
793.224809
793.224822
793.224835
793.224848
793.224860
793.224877
793.224890
793.224903
793.224916
793.224928
793.251038
793.251146
793.251190
793.251284
793.251330
793.251371
793.251409
793.251450
793.251489
793.251531
793.251569
793.251608
793.251647
793.251686
793.251722
793.251760
793.251796
793.251833
793.251872
793.251913
793.251950
793.251989
793.252028
793.252066
793.252106
793.252144
793.252181
793.252221
793.252258
793.252296
793.252333
793.252371
793.252409
793.252449
793.252490
793.252528
793.252566
793.252604
793.252644
793.252682
793.252722
793.252761
793.252799
793.252836
793.252873
793.252911
793.284935
793.285041
793.285082
793.285123
793.285163
793.285202
793.285243
793.285282
793.285324
793.285365
793.285405
793.285443
793.285480
793.285518
793.285558
793.285598
793.285638
793.285677
793.285717
793.285756
793.285795
793.285834
793.285873
793.285910
793.285948
793.285987
793.286026
793.286068
793.286105
793.286145
793.286182
793.286220
793.286257
793.286296
793.286333
793.286371
793.286409
793.286446
793.286484
793.286521
793.286560
793.286597
793.286635
793.286672
793.286710
793.286753
793.332631
793.332730
793.332771
793.332812
793.332849
793.332888
793.332931
793.332970
793.333009
793.333082
793.333122
793.333159
793.333197
793.333236
793.333272
793.333311
793.333347
793.333383
793.333418
793.333456
793.333492
793.333530
793.333566
793.333603
793.333639
793.333675
793.333714
793.333754
793.333793
793.333831
793.333867
793.333909
793.333946
793.333983
793.334024
793.334060
793.334097
793.334135
793.334172
793.334209
793.334245
793.334282
793.334318
793.334354
793.334392
793.334431
793.358103
793.358201
793.358241
793.358280
793.358319
793.358359
793.358397
793.358433
793.358471
793.358507
793.358543
793.358578
793.358616
793.358652
793.358691
793.358729
793.358766
793.358806
793.358844
793.358880
793.358916
793.358952
793.358988
793.359026
793.359062
793.359162
793.359823
793.359875
793.359918
793.359955
793.359993
793.360030
793.360071
793.360108
793.360145
793.360183
793.360222
793.360260
793.360296
793.360336
793.360375
793.360412
793.360449
793.360486
793.360523
793.360614
793.395323
793.395440
793.395484
793.395526
793.395568
793.395612
793.395654
793.395774
793.395858
793.395904
793.395944
793.395987
793.396024
793.396064
793.396827
793.396884
793.396923
793.396972
793.397011
793.397049
793.397091
793.397131
793.397168
793.397206
793.397244
793.397284
793.397321
793.397359
793.397399
793.397438
793.397477
793.397517
793.397556
793.397595
793.397635
793.397673
793.397780
793.397848
793.397914
793.397981
793.398047
793.398121
793.398188
793.398254
793.398321
793.398386
793.429639
793.429741
793.429782
793.429821
793.429860
793.429899
793.429938
793.429977
793.430013
793.430049
793.430088
793.430128
793.430165
793.430239
793.430279
793.430315
793.430580
793.430624
793.430667
793.430705
793.430744
793.430783
793.430820
793.430857
793.430897
793.430933
793.430969
793.431008
793.431044
793.431081
793.431116
793.431154
793.431189
793.431265
793.431304
793.431345
793.431382
793.431418
793.431455
793.431491
793.431527
793.431564
793.431600
793.431637
793.431674
793.431711
793.463918
793.464024
793.464068
793.464105
793.464142
793.464183
793.464222
793.464260
793.464299
793.464338
793.464376
793.464415
793.464451
793.464488
793.464530
793.464567
793.464603
793.464642
793.464749
793.464792
793.464831
793.464869
793.464906
793.464946
793.464983
793.465021
793.465057
793.465097
793.465135
793.465173
793.465210
793.465248
793.465286
793.465323
793.465364
793.465402
793.465442
793.465479
793.465517
793.465557
793.465594
793.465631
793.465669
793.465706
793.465745
793.465783
793.495469
793.495570
793.495613
793.495653
793.495691
793.495731
793.495770
793.495808
793.495851
793.495891
793.496001
793.496046
793.496088
793.496126
793.496165
793.496204
793.496240
793.496279
793.496320
793.496357
793.496396
793.496435
793.496472
793.496510
793.496549
793.496587
793.496625
793.496664
793.496702
793.496742
793.496782
793.496821
793.496859
793.496900
793.496941
793.496978
793.497015
793.497052
793.497090
793.497128
793.497168
793.497206
793.497244
793.497282
793.497321
793.497362
793.531640
793.531749
793.531794
793.531837
793.531879
793.531922
793.531963
793.532005
793.532044
793.532084
793.532128
793.532166
793.532207
793.532246
793.532350
793.532395
793.532433
793.532472
793.532511
793.532547
793.532588
793.532626
793.532666
793.532706
793.532743
793.532781
793.532820
793.532857
793.532897
793.532934
793.532974
793.533013
793.533051
793.533090
793.533129
793.533168
793.533204
793.533242
793.533279
793.533317
793.533356
793.533396
793.533437
793.533476
793.533514
793.533553
793.559383
793.559438
793.559456
793.559473
793.559492
793.559508
793.559525
793.559541
793.559556
793.559572
793.559588
793.559604
793.559618
793.559634
793.559646
793.559660
793.559675
793.559691
793.559704
793.559718
793.559731
793.559744
793.559757
793.559772
793.559785
793.559799
793.559877
793.559890
793.559902
793.559923
793.559937
793.559949
793.559962
793.559975
793.559986
793.559999
793.560012
793.560024
793.560037
793.560050
793.560063
793.560077
793.560089
793.560101
793.560115
793.560127
793.595590
793.595698
793.595742
793.595784
793.595826
793.595867
793.595908
793.595949
793.595987
793.596027
793.596102
793.596143
793.596183
793.596250
793.596292
793.596329
793.596370
793.596407
793.596448
793.596489
793.596528
793.596564
793.596603
793.596642
793.596679
793.596717
793.596756
793.596794
793.596832
793.596873
793.596911
793.596950
793.596988
793.597031
793.597070
793.597108
793.597148
793.597186
793.597225
793.597263
793.597302
793.597340
793.597378
793.597419
793.597458
793.597495
793.618086
793.618140
793.618156
793.618171
793.618187
793.618200
793.618215
793.618229
793.618243
793.618256
793.618269
793.618283
793.618296
793.618309
793.618322
793.618336
793.618349
793.618362
793.618377
793.618389
793.618402
793.618414
793.618428
793.618442
793.618455
793.618468
793.618482
793.618495
793.618509
793.618524
793.618538
793.618585
793.618602
793.618615
793.618628
793.618641
793.618654
793.618668
793.618682
793.618694
793.618707
793.618720
793.618733
793.618748
793.618762
793.618775
793.665299
793.665403
793.665450
793.665493
793.665536
793.665579
793.665621
793.665665
793.665740
793.665782
793.665825
793.665868
793.665909
793.665950
793.665992
793.666029
793.666069
793.666108
793.666150
793.666189
793.666232
793.666272
793.666311
793.666350
793.666393
793.666434
793.666474
793.666511
793.666549
793.666590
793.666627
793.666667
793.666708
793.666749
793.666788
793.666826
793.666865
793.666905
793.666944
793.666984
793.667022
793.667060
793.667100
793.667139
793.667178
793.667260
793.698329
793.698428
793.698470
793.698511
793.698551
793.698591
793.698627
793.698666
793.698780
793.698822
793.698861
793.698899
793.698938
793.698974
793.699010
793.699047
793.699083
793.699122
793.699158
793.699196
793.699274
793.699318
793.699357
793.699394
793.699430
793.699466
793.699502
793.699541
793.699578
793.699617
793.699654
793.699690
793.699726
793.699762
793.699799
793.699836
793.699873
793.699912
793.699948
793.699985
793.700022
793.700059
793.700095
793.700132
793.700168
793.700204
793.724878
793.724982
793.725023
793.725065
793.725102
793.725142
793.725179
793.725218
793.725255
793.725294
793.725330
793.725367
793.725406
793.725445
793.725556
793.725601
793.725640
793.725676
793.725713
793.725753
793.725794
793.725832
793.725868
793.725906
793.725945
793.725981
793.726019
793.726057
793.726096
793.726131
793.726167
793.726204
793.726240
793.726275
793.726313
793.726351
793.726388
793.726424
793.726459
793.726496
793.726537
793.726573
793.726610
793.726646
793.726683
793.726720
793.762677
793.762779
793.762820
793.762860
793.762900
793.762939
793.762978
793.763015
793.763052
793.763090
793.763127
793.763167
793.763245
793.763284
793.763322
793.763362
793.763399
793.763439
793.763478
793.763514
793.763554
793.763592
793.763631
793.763670
793.763705
793.763741
793.763777
793.763813
793.763850
793.763889
793.763925
793.763965
793.764004
793.764042
793.764077
793.764113
793.764149
793.764185
793.764222
793.764258
793.764294
793.764334
793.764371
793.764472
793.764519
793.764558
793.796933
793.797041
793.797086
793.797128
793.797170
793.797210
793.797253
793.797296
793.797419
793.797463
793.797533
793.797582
793.797626
793.797669
793.797709
793.797750
793.797792
793.797835
793.797875
793.797918
793.797960
793.798054
793.798093
793.798300
793.798349
793.798388
793.798426
793.798469
793.798507
793.798546
793.798584
793.798624
793.798663
793.798701
793.798742
793.798782
793.798820
793.798858
793.798896
793.798934
793.798972
793.799009
793.799046
793.799084
793.799121
793.799158
793.831513
793.831621
793.831668
793.831712
793.831755
793.831796
793.831838
793.831879
793.831927
793.832042
793.832090
793.832135
793.832177
793.832223
793.832264
793.832306
793.832349
793.832392
793.832430
793.832469
793.832508
793.832548
793.832590
793.832629
793.832666
793.832707
793.832747
793.832785
793.832824
793.832862
793.832900
793.832937
793.832976
793.833016
793.833053
793.833093
793.833133
793.833179
793.833223
793.833262
793.833300
793.833343
793.833382
793.833423
793.833465
793.833506
793.866400
793.866507
793.866550
793.866592
793.866632
793.866671
793.866711
793.866751
793.866788
793.866901
793.866948
793.866985
793.867025
793.867063
793.867103
793.867143
793.867180
793.867267
793.867307
793.867344
793.867384
793.867420
793.867460
793.867498
793.867536
793.867578
793.867617
793.867658
793.867700
793.867738
793.867777
793.867815
793.867853
793.867892
793.867930
793.867970
793.868009
793.868050
793.868090
793.868129
793.868166
793.868205
793.868246
793.868285
793.868322
793.868360
793.884902
793.885026
793.885068
793.885108
793.885147
793.885187
793.885226
793.885265
793.885341
793.885381
793.885420
793.885457
793.885493
793.885530
793.885568
793.885604
793.885640
793.885677
793.885716
793.885754
793.885791
793.885827
793.885865
793.885903
793.885940
793.885982
793.886018
793.886055
793.886091
793.886127
793.886162
793.886199
793.886237
793.886275
793.886314
793.886353
793.886389
793.886426
793.886463
793.886498
793.886535
793.886571
793.886610
793.886650
793.886688
793.886725
793.919494
793.919600
793.919644
793.919686
793.919728
793.919770
793.919812
793.919854
793.919897
793.919935
793.920049
793.920093
793.920133
793.920174
793.920216
793.920255
793.920298
793.920338
793.920377
793.920415
793.920454
793.920491
793.920529
793.920566
793.920603
793.920640
793.920677
793.920718
793.920756
793.920793
793.920835
793.920873
793.920912
793.920950
793.920988
793.921025
793.921062
793.921100
793.921136
793.921173
793.921211
793.921249
793.921287
793.921325
793.921362
793.921399
793.959742
793.959848
793.959890
793.959930
793.959971
793.960010
793.960049
793.960089
793.960125
793.960164
793.960204
793.960244
793.960285
793.960322
793.960435
793.960514
793.960558
793.960598
793.960638
793.960675
793.960711
793.960749
793.960787
793.960824
793.960865
793.960903
793.960940
793.960978
793.961014
793.961051
793.961089
793.961127
793.961164
793.961201
793.961237
793.961275
793.961313
793.961351
793.961388
793.961426
793.961465
793.961503
793.961543
793.961582
793.961621
793.961660
793.992069
793.992170
793.992213
793.992253
793.992295
793.992335
793.992373
793.992415
793.992527
793.992569
793.992605
793.992645
793.992681
793.992717
793.992754
793.992797
793.992837
793.992878
793.992915
793.992955
793.992992
793.993029
793.993066
793.993103
793.993140
793.993181
793.993219
793.993256
793.993295
793.993337
793.993374
793.993411
793.993449
793.993487
793.993525
793.993562
793.993602
793.993640
793.993680
793.993719
793.993757
793.993796
793.993835
793.993874
793.993913
793.993956
794.030990
794.031134
794.031179
794.031236
794.031278
794.031320
794.031360
794.031404
794.031445
794.031485
794.031526
794.031567
794.031607
794.031695
794.031734
794.031770
794.032763
794.032811
794.032853
794.032890
794.032926
794.032965
794.033001
794.033037
794.033073
794.033112
794.033150
794.033186
794.033222
794.033258
794.033293
794.033329
794.033367
794.033402
794.033438
794.033475
794.033512
794.033549
794.033586
794.033625
794.033661
794.033697
794.033734
794.033771
794.033806
794.033843
794.061791
794.061894
794.061936
794.061976
794.062015
794.062054
794.062095
794.062133
794.062174
794.062246
794.062292
794.062337
794.062382
794.062429
794.062734
794.062781
794.062817
794.062858
794.062894
794.062932
794.062969
794.063005
794.063041
794.063079
794.063115
794.063151
794.063191
794.063498
794.063546
794.063584
794.063623
794.063666
794.063706
794.063744
794.063784
794.063822
794.063865
794.063904
794.063944
794.063985
794.064022
794.064063
794.064100
794.064140
794.064181
794.064220
794.105501
794.105611
794.105655
794.105700
794.105745
794.105789
794.105836
794.105885
794.105935
794.106057
794.106104
794.106150
794.106197
794.106242
794.106286
794.106333
794.106380
794.106426
794.106467
794.106511
794.106556
794.106603
794.106643
794.106752
794.106808
794.106858
794.106912
794.106967
794.107013
794.107056
794.107101
794.107146
794.107193
794.107329
794.107378
794.107417
794.107460
794.107504
794.107549
794.107596
794.107642
794.107688
794.107732
794.107778
794.107821
794.107865
794.128895
794.129002
794.129046
794.129087
794.129130
794.129171
794.129213
794.129254
794.129296
794.129410
794.129457
794.129502
794.129544
794.129589
794.129632
794.129675
794.129715
794.129800
794.129841
794.129883
794.129922
794.130004
794.130046
794.130158
794.130199
794.130236
794.130275
794.130317
794.130362
794.130403
794.130448
794.130485
794.130524
794.130560
794.130598
794.130635
794.130671
794.130710
794.130755
794.130792
794.130836
794.130883
794.130922
794.130957
794.130995
794.131033
794.162456
794.162585
794.162633
794.162682
794.162735
794.162779
794.162827
794.162871
794.162916
794.162960
794.163007
794.163052
794.163099
794.163143
794.163193
794.163284
794.163530
794.163583
794.163633
794.163675
794.163724
794.163772
794.163820
794.163862
794.163909
794.163956
794.164005
794.164051
794.164100
794.164144
794.164187
794.164232
794.164277
794.164326
794.164372
794.164422
794.164468
794.164511
794.164555
794.164602
794.164648
794.164695
794.164742
794.164788
794.164834
794.164879
794.189200
794.189323
794.189383
794.189469
794.189528
794.189615
794.189667
794.189718
794.189771
794.189825
794.189876
794.189925
794.189976
794.190054
794.190105
794.190154
794.190205
794.190254
794.190305
794.190359
794.190414
794.190480
794.190551
794.190604
794.190656
794.190704
794.190755
794.190807
794.190858
794.190907
794.190954
794.191002
794.191050
794.191100
794.191150
794.191198
794.191312
794.191364
794.191417
794.191461
794.191508
794.191561
794.191637
794.191694
794.191753
794.191810
794.228332
794.228385
794.228403
794.228420
794.228435
794.228450
794.228466
794.228481
794.228496
794.228511
794.228526
794.228538
794.228551
794.228566
794.228581
794.228595
794.228610
794.228622
794.228636
794.228650
794.228666
794.228678
794.228692
794.228790
794.228806
794.228819
794.228845
794.228858
794.228872
794.228886
794.228901
794.228915
794.228929
794.228943
794.228956
794.228970
794.228983
794.228997
794.229011
794.229024
794.229038
794.229055
794.229070
794.229085
794.229098
794.229112
794.250821
794.250948
794.251005
794.251062
794.251117
794.251174
794.251295
794.251446
794.251513
794.251565
794.251624
794.251679
794.251736
794.251791
794.251848
794.251903
794.251955
794.252008
794.252048
794.252088
794.252126
794.252164
794.252203
794.252242
794.252280
794.252319
794.252357
794.252397
794.252435
794.252473
794.252510
794.252547
794.252586
794.252624
794.252662
794.252700
794.252740
794.252777
794.252814
794.252854
794.252892
794.252929
794.252966
794.253002
794.253039
794.253077
794.298239
794.298336
794.298377
794.298416
794.298456
794.298494
794.298533
794.298571
794.298611
794.298650
794.298687
794.298726
794.298763
794.298799
794.298837
794.298876
794.298912
794.298951
794.298987
794.299025
794.299064
794.299101
794.299137
794.299173
794.300167
794.300229
794.300267
794.300303
794.300342
794.300380
794.300416
794.300453
794.300490
794.300527
794.300563
794.300599
794.300639
794.300676
794.300713
794.300749
794.300786
794.300823
794.300859
794.300896
794.300932
794.300969
794.301006
794.334562
794.334664
794.334706
794.334747
794.334787
794.334825
794.334861
794.334900
794.334939
794.334981
794.335018
794.335054
794.335093
794.335129
794.335167
794.335228
794.335270
794.335310
794.335348
794.335386
794.335423
794.335460
794.335500
794.335537
794.335577
794.335616
794.335653
794.335689
794.335729
794.335766
794.335805
794.335843
794.335880
794.335917
794.335956
794.335994
794.336034
794.336071
794.336181
794.336226
794.336265
794.336302
794.336340
794.336377
794.336414
794.336452
794.336489
794.360055
794.360151
794.360191
794.360230
794.360269
794.360306
794.360342
794.360381
794.360420
794.360455
794.360493
794.360532
794.360640
794.360680
794.360716
794.360751
794.360786
794.360824
794.360863
794.360903
794.360941
794.360977
794.361016
794.361052
794.361091
794.361130
794.361167
794.361203
794.361239
794.361275
794.361312
794.361348
794.361385
794.361421
794.361457
794.361497
794.361534
794.361570
794.361606
794.361642
794.361677
794.361713
794.361749
794.361786
794.361823
794.361860
794.361898
794.400560
794.400667
794.400707
794.400746
794.400788
794.400825
794.400864
794.400903
794.400943
794.400984
794.401020
794.401058
794.401099
794.401136
794.401173
794.401210
794.401251
794.401289
794.401327
794.401366
794.401406
794.401445
794.401483
794.401520
794.401557
794.401598
794.401635
794.401672
794.401713
794.401755
794.401793
794.401830
794.401867
794.401906
794.401943
794.401981
794.402022
794.402059
794.402096
794.402136
794.402174
794.402214
794.402252
794.402290
794.402329
794.402367
794.402405
794.433009
794.433108
794.433149
794.433187
794.433226
794.433266
794.433303
794.433341
794.433380
794.433417
794.433491
794.433531
794.433568
794.433607
794.433646
794.433685
794.433721
794.433757
794.433794
794.433830
794.433868
794.433904
794.433940
794.433977
794.434014
794.434050
794.434086
794.434123
794.434159
794.434195
794.434233
794.434269
794.434305
794.434341
794.434377
794.434416
794.434452
794.434488
794.434526
794.434565
794.434601
794.434638
794.434674
794.434714
794.434750
794.434786
794.434823
794.461552
794.461657
794.461698
794.461736
794.461776
794.461819
794.461859
794.461900
794.461941
794.462055
794.462099
794.462139
794.462177
794.462215
794.462252
794.462292
794.462333
794.462375
794.462414
794.462454
794.462494
794.462534
794.462570
794.462606
794.462644
794.462680
794.462721
794.462761
794.462799
794.462836
794.462875
794.462916
794.462953
794.462990
794.463028
794.463066
794.463103
794.463141
794.463186
794.463330
794.463383
794.463429
794.463474
794.463520
794.463572
794.463619
794.463664
794.492085
794.492196
794.492286
794.492329
794.492374
794.492418
794.492460
794.492498
794.492536
794.492577
794.492615
794.492656
794.492694
794.492731
794.492771
794.492808
794.492848
794.492888
794.492928
794.492966
794.493003
794.493042
794.493079
794.493119
794.493156
794.493193
794.493231
794.493296
794.493334
794.493375
794.493412
794.493452
794.493490
794.493528
794.493566
794.493606
794.493646
794.493686
794.493722
794.493759
794.493796
794.493833
794.493871
794.493909
794.494017
794.494063
794.494100
794.523100
794.523247
794.523293
794.523335
794.523376
794.523419
794.523495
794.523537
794.523579
794.523619
794.523662
794.523704
794.523744
794.523783
794.523824
794.523866
794.523906
794.523944
794.523981
794.524023
794.524061
794.524098
794.524136
794.524179
794.524216
794.524254
794.524291
794.524328
794.524366
794.524403
794.524444
794.524482
794.524519
794.524557
794.524594
794.524633
794.524670
794.524707
794.524744
794.524780
794.524817
794.524853
794.524889
794.524925
794.524961
794.524997
794.554870
794.554922
794.554940
794.554955
794.554972
794.554986
794.555001
794.555015
794.555028
794.555042
794.555057
794.555071
794.555084
794.555098
794.555113
794.555127
794.555139
794.555153
794.555166
794.555179
794.555192
794.555225
794.555241
794.555254
794.555314
794.555332
794.555345
794.555358
794.555374
794.555387
794.555402
794.555416
794.555430
794.555444
794.555458
794.555470
794.555483
794.555496
794.555509
794.555522
794.555536
794.555550
794.555564
794.555578
794.555592
794.555605
794.586165
794.586218
794.586233
794.586250
794.586266
794.586281
794.586295
794.586308
794.586321
794.586335
794.586347
794.586360
794.586373
794.586386
794.586400
794.586414
794.586428
794.586443
794.586457
794.586470
794.586483
794.586499
794.586513
794.586527
794.586540
794.586584
794.586599
794.586611
794.586624
794.586638
794.586650
794.586663
794.586676
794.586688
794.586701
794.586714
794.586727
794.586739
794.586752
794.586764
794.586778
794.586790
794.586803
794.586815
794.586827
794.586839
794.627912
794.628018
794.628061
794.628104
794.628145
794.628186
794.628225
794.628263
794.628304
794.628382
794.628422
794.628462
794.628500
794.628542
794.628581
794.628623
794.628660
794.628701
794.628741
794.628780
794.628821
794.628861
794.628900
794.628938
794.628978
794.629015
794.629054
794.629093
794.629132
794.629169
794.629206
794.629244
794.629285
794.629323
794.629360
794.629398
794.629436
794.629475
794.629513
794.629551
794.629592
794.629630
794.629667
794.629705
794.629743
794.629780
794.659014
794.659113
794.659154
794.659192
794.659319
794.659364
794.659404
794.659444
794.659482
794.659522
794.659560
794.659600
794.659638
794.659678
794.659717
794.659758
794.659798
794.659836
794.659876
794.659916
794.659954
794.659994
794.660033
794.660070
794.660107
794.660144
794.660184
794.660225
794.660265
794.661990
794.662039
794.662078
794.662118
794.662155
794.662192
794.662233
794.662270
794.662310
794.662347
794.662386
794.662422
794.662462
794.662501
794.662541
794.662581
794.662621
794.694997
794.695100
794.695141
794.695181
794.695783
794.695834
794.695874
794.695915
794.695951
794.695991
794.696032
794.696070
794.696106
794.696144
794.696182
794.696219
794.696259
794.696295
794.696336
794.696374
794.696413
794.696450
794.696487
794.696526
794.696565
794.696605
794.696645
794.696681
794.696718
794.696756
794.696834
794.696876
794.696914
794.696955
794.696995
794.697032
794.697072
794.697109
794.697146
794.697183
794.697219
794.697256
794.697294
794.697330
794.697368
794.697405
794.729322
794.729429
794.729472
794.729514
794.729554
794.729595
794.729635
794.729676
794.729716
794.729832
794.729873
794.729910
794.729950
794.729990
794.730029
794.730070
794.730111
794.730150
794.730191
794.730229
794.730271
794.730311
794.730352
794.730393
794.730431
794.730470
794.730508
794.730549
794.730588
794.730627
794.730666
794.730705
794.730745
794.730785
794.730825
794.730864
794.730902
794.730940
794.730979
794.731018
794.731057
794.731099
794.731139
794.731178
794.731259
794.731550
794.767114
794.767243
794.767287
794.767846
794.767896
794.767936
794.767975
794.768015
794.768054
794.768091
794.768130
794.768168
794.768204
794.768240
794.768275
794.768313
794.768350
794.768389
794.768424
794.768463
794.768502
794.768540
794.768576
794.768612
794.768648
794.768685
794.768720
794.768756
794.768793
794.768829
794.768865
794.768901
794.768938
794.768976
794.769015
794.769053
794.769089
794.769125
794.769163
794.769200
794.769238
794.769274
794.769311
794.769347
794.769383
794.769419
794.796789
794.796887
794.796930
794.796971
794.797010
794.797046
794.797086
794.797125
794.797166
794.797203
794.797242
794.797281
794.797319
794.797355
794.797392
794.797429
794.797469
794.797509
794.797545
794.797583
794.797622
794.797661
794.797698
794.797735
794.797771
794.797807
794.797844
794.797884
794.797924
794.797964
794.798000
794.798039
794.798077
794.798180
794.798223
794.798263
794.798302
794.798338
794.798376
794.798413
794.798450
794.798489
794.798526
794.798564
794.798601
794.798639
794.832198
794.832311
794.832360
794.832406
794.832453
794.832495
794.832542
794.832584
794.832628
794.832675
794.832721
794.832766
794.832807
794.832848
794.832889
794.833018
794.833067
794.833111
794.833155
794.833195
794.833236
794.833282
794.833325
794.833369
794.833409
794.833451
794.833494
794.833533
794.833572
794.833615
794.833654
794.833695
794.833737
794.833778
794.833824
794.833864
794.833905
794.833944
794.833989
794.834028
794.834068
794.834108
794.834147
794.834190
794.834229
794.834273
794.867082
794.867341
794.867402
794.867452
794.867528
794.867575
794.867628
794.867683
794.867733
794.867790
794.867841
794.867898
794.867938
794.867989
794.868046
794.868092
794.868133
794.868175
794.868224
794.868273
794.868324
794.868370
794.868416
794.868461
794.868506
794.868550
794.868594
794.868635
794.868671
794.868707
794.868743
794.868779
794.868819
794.868855
794.868893
794.868929
794.868966
794.869003
794.869040
794.869077
794.869113
794.869149
794.869188
794.869224
794.869261
794.869298
794.894079
794.894183
794.894225
794.894266
794.894307
794.894367
794.894409
794.894447
794.894488
794.894558
794.894599
794.894639
794.894679
794.894718
794.894756
794.894793
794.894833
794.894871
794.894908
794.894944
794.894982
794.895046
794.895085
794.895126
794.895164
794.895231
794.895272
794.895309
794.895349
794.895389
794.895426
794.895463
794.895502
794.895541
794.895578
794.895615
794.895654
794.895691
794.895730
794.895767
794.895803
794.895839
794.895876
794.895912
794.895949
794.895986
794.926588
794.926692
794.926734
794.926776
794.926816
794.926857
794.926895
794.926936
794.927009
794.927050
794.927090
794.927129
794.927165
794.927282
794.927321
794.927359
794.927395
794.927435
794.927474
794.927512
794.927549
794.927585
794.927625
794.927664
794.927703
794.927743
794.927779
794.927815
794.927854
794.927895
794.927930
794.927966
794.928005
794.928042
794.928078
794.928114
794.928151
794.928189
794.928225
794.928264
794.928301
794.928337
794.928373
794.928409
794.928446
794.928483
794.954639
794.954743
794.954785
794.954825
794.954865
794.954905
794.954943
794.954980
794.955019
794.955056
794.955097
794.955137
794.955177
794.955248
794.956067
794.956114
794.956154
794.956194
794.956231
794.956271
794.956309
794.956346
794.956384
794.956421
794.956458
794.956494
794.956530
794.956569
794.956606
794.956647
794.956684
794.956722
794.956759
794.956796
794.956833
794.956870
794.956907
794.956947
794.956984
794.957021
794.957058
794.957095
794.957135
794.957171
794.957209
794.957246
794.957284
794.998121
794.998235
794.998282
794.998327
794.998372
794.998414
794.998460
794.998579
794.998628
794.998669
794.998712
794.998755
794.998798
794.998838
794.998879
794.998921
794.998962
794.999002
794.999043
794.999083
794.999124
794.999164
794.999234
794.999407
794.999456
794.999501
794.999542
794.999581
794.999622
794.999662
794.999700
794.999743
794.999787
794.999824
794.999865
794.999908
794.999948
794.999990
795.000032
795.000074
795.000115
795.000155
795.000195
795.000237
795.000280
795.000318
795.031349
795.031459
795.031500
795.031541
795.031582
795.031620
795.031659
795.031854
795.031897
795.031934
795.031973
795.032009
795.032047
795.032086
795.032124
795.032159
795.032195
795.032230
795.032266
795.032301
795.032340
795.032377
795.032413
795.032451
795.032490
795.032528
795.032564
795.032600
795.032638
795.032674
795.032710
795.032746
795.032784
795.032821
795.032857
795.032895
795.032934
795.032970
795.033006
795.033043
795.033079
795.033115
795.033152
795.033189
795.033225
795.033262
795.064945
795.065049
795.065092
795.065134
795.065177
795.065217
795.065259
795.065301
795.065344
795.065457
795.065502
795.065544
795.065585
795.065624
795.065661
795.065701
795.065739
795.065780
795.065819
795.065862
795.065903
795.065943
795.065982
795.066022
795.066064
795.066105
795.066144
795.066183
795.066227
795.066271
795.066311
795.066352
795.066395
795.066434
795.066474
795.066513
795.066553
795.066591
795.066631
795.066672
795.066710
795.066748
795.066787
795.066828
795.066866
795.066902
795.100528
795.100640
795.100684
795.100725
795.100765
795.100806
795.100844
795.100886
795.100926
795.100967
795.101080
795.101124
795.101163
795.101202
795.101239
795.101276
795.101315
795.101357
795.101396
795.101432
795.101470
795.101507
795.101544
795.101581
795.101618
795.101654
795.101691
795.101728
795.101767
795.101803
795.101840
795.101877
795.101912
795.101949
795.101985
795.102021
795.102057
795.102092
795.102130
795.102167
795.102204
795.102241
795.102280
795.102318
795.102356
795.102395
795.130383
795.130486
795.130528
795.130568
795.130608
795.130645
795.130685
795.130725
795.130765
795.130876
795.130920
795.130959
795.130997
795.131034
795.131072
795.131111
795.131148
795.131185
795.131296
795.131343
795.131381
795.131420
795.131458
795.131495
795.131531
795.131569
795.131605
795.131642
795.131679
795.131716
795.131754
795.131792
795.131832
795.131871
795.131911
795.131948
795.131989
795.132026
795.132065
795.132104
795.132141
795.132179
795.132217
795.132255
795.132294
795.132332
795.163220
795.163355
795.163401
795.163440
795.163485
795.163522
795.163564
795.163605
795.163714
795.163759
795.163797
795.163862
795.163906
795.163944
795.163985
795.164026
795.164066
795.164103
795.164141
795.164182
795.164218
795.164255
795.164294
795.164332
795.164370
795.164407
795.164447
795.164486
795.164525
795.164564
795.164603
795.164640
795.164679
795.164718
795.164756
795.164795
795.164833
795.164875
795.164916
795.164956
795.164996
795.165040
795.165081
795.165124
795.165164
795.165205
795.201231
795.201334
795.201379
795.201422
795.201465
795.201505
795.201546
795.201589
795.201630
795.201673
795.201712
795.201752
795.201798
795.201840
795.201880
795.201922
795.201962
795.202002
795.202041
795.202084
795.202123
795.202167
795.202206
795.202245
795.202283
795.202321
795.202359
795.202396
795.202433
795.202471
795.202509
795.202546
795.202588
795.202629
795.202669
795.202706
795.202746
795.202784
795.202822
795.202863
795.202902
795.202939
795.202977
795.203017
795.203056
795.203094
795.218026
795.218131
795.218172
795.218209
795.218250
795.218288
795.218328
795.218370
795.218414
795.218456
795.218496
795.218615
795.218665
795.218704
795.218744
795.218785
795.218824
795.218863
795.218922
795.218963
795.219009
795.219050
795.219091
795.219132
795.219175
795.219247
795.219290
795.219329
795.219368
795.219407
795.219448
795.219486
795.219526
795.219572
795.219643
795.219703
795.219749
795.219788
795.219834
795.219873
795.219913
795.219972
795.220015
795.220053
795.220092
795.220132
795.220184
795.262463
795.262565
795.262607
795.262648
795.262687
795.262727
795.262812
795.262854
795.262894
795.262934
795.262975
795.263011
795.263047
795.263084
795.263122
795.263161
795.263223
795.265628
795.265638
795.265646
795.265654
795.265662
795.265671
795.265679
795.265687
795.265695
795.265703
795.265710
795.265717
795.265725
795.265733
795.265740
795.265748
795.265756
795.265763
795.265771
795.265778
795.265786
795.265793
795.265801
795.265808
795.265816
795.265823
795.265832
795.265839
795.265847
795.303444
795.303543
795.303585
795.303626
795.303665
795.303704
795.303741
795.303781
795.303821
795.303898
795.303939
795.303976
795.304011
795.304048
795.304086
795.304125
795.304160
795.304198
795.304234
795.304270
795.304305
795.304341
795.304378
795.304415
795.304450
795.304486
795.304525
795.304562
795.304598
795.304634
795.304670
795.304707
795.304745
795.304782
795.304818
795.304856
795.304894
795.304931
795.304968
795.305005
795.305044
795.305080
795.305118
795.305155
795.305192
795.305229
795.328901
795.329006
795.329049
795.329090
795.329132
795.329171
795.329209
795.329249
795.329289
795.329327
795.329400
795.329438
795.329476
795.329513
795.329553
795.329593
795.329633
795.329669
795.329709
795.329745
795.329782
795.329821
795.329861
795.329898
795.329935
795.329971
795.330007
795.330044
795.330084
795.330120
795.330159
795.330197
795.330233
795.330269
795.330305
795.330341
795.330377
795.330416
795.330452
795.330488
795.330561
795.330601
795.330637
795.330675
795.330712
795.330748
795.366841
795.366941
795.366982
795.367022
795.367061
795.367100
795.367136
795.367175
795.367241
795.367318
795.367360
795.367400
795.367436
795.367475
795.367511
795.367546
795.367583
795.367622
795.367659
795.367694
795.367730
795.367769
795.367807
795.367844
795.367881
795.367917
795.367954
795.367990
795.368029
795.368066
795.368103
795.368139
795.368175
795.368211
795.368247
795.368286
795.368322
795.368358
795.368397
795.368433
795.368470
795.368506
795.368543
795.368581
795.368617
795.368656
795.393509
795.393613
795.393658
795.393699
795.393740
795.393780
795.393820
795.393858
795.393898
795.393937
795.393978
795.394019
795.394058
795.394097
795.394137
795.394176
795.394213
795.394252
795.394289
795.394326
795.394365
795.394402
795.394439
795.394479
795.394518
795.394554
795.394591
795.394630
795.394669
795.394706
795.394743
795.394780
795.394817
795.394854
795.394891
795.394928
795.394965
795.395002
795.395040
795.395078
795.395117
795.395154
795.395191
795.396777
795.396838
795.396876
795.432489
795.432592
795.432635
795.432676
795.432717
795.432756
795.432798
795.432841
795.432883
795.432921
795.432958
795.432998
795.433035
795.433074
795.433114
795.433153
795.433193
795.433232
795.433272
795.433310
795.433415
795.433458
795.433498
795.433537
795.433573
795.433613
795.433650
795.433687
795.433726
795.433763
795.433803
795.433841
795.433878
795.433915
795.433953
795.433990
795.434032
795.434073
795.434113
795.434150
795.434188
795.434226
795.434263
795.434301
795.434339
795.434377
795.451860
795.452023
795.452068
795.452157
795.452259
795.452377
795.452419
795.452456
795.452495
795.452659
795.452702
795.452744
795.452781
795.452817
795.452853
795.452892
795.452930
795.452969
795.453005
795.453045
795.453082
795.453118
795.453155
795.453194
795.453235
795.453271
795.453307
795.453347
795.453385
795.453423
795.453463
795.453502
795.453540
795.453578
795.453615
795.453655
795.453694
795.453732
795.453770
795.453806
795.453845
795.453881
795.453919
795.453957
795.453995
795.454034
795.499819
795.499920
795.499960
795.500000
795.500038
795.500076
795.500112
795.500150
795.500186
795.500224
795.500262
795.500301
795.500336
795.500375
795.500411
795.500446
795.500555
795.500596
795.500632
795.500671
795.500710
795.500748
795.500784
795.500822
795.500858
795.500894
795.500930
795.500965
795.501001
795.501039
795.501075
795.501111
795.501148
795.501184
795.501222
795.501258
795.501294
795.501330
795.501365
795.501401
795.501440
795.501478
795.501514
795.501550
795.501586
795.501624
795.531644
795.531733
795.531773
795.531811
795.531847
795.531885
795.531923
795.531958
795.531996
795.532036
795.532072
795.532108
795.532143
795.532179
795.532215
795.532253
795.532292
795.532328
795.532366
795.532402
795.532495
795.532537
795.532573
795.532609
795.532649
795.532685
795.532721
795.532760
795.532799
795.532835
795.532870
795.532908
795.532945
795.532984
795.533022
795.533058
795.533094
795.533131
795.533167
795.533202
795.533240
795.533277
795.533315
795.533351
795.533387
795.533424
795.554007
795.554118
795.554160
795.554206
795.554248
795.554290
795.554331
795.554372
795.554414
795.554453
795.554495
795.554534
795.554577
795.554619
795.554661
795.554701
795.554740
795.554778
795.554819
795.554857
795.554895
795.554933
795.554973
795.555011
795.555049
795.555087
795.555125
795.555165
795.555245
795.556087
795.556146
795.556187
795.556228
795.556267
795.556306
795.556344
795.556440
795.556507
795.556577
795.556649
795.556716
795.556784
795.556853
795.556918
795.556984
795.557049
795.597875
795.597986
795.598029
795.598071
795.598108
795.598150
795.598191
795.598228
795.598302
795.598342
795.598380
795.598418
795.598456
795.598493
795.598530
795.598569
795.598609
795.598653
795.598693
795.598731
795.598770
795.598806
795.598844
795.598882
795.598924
795.598963
795.599001
795.599044
795.599085
795.599124
795.599164
795.599281
795.599325
795.599427
795.599468
795.599504
795.599542
795.599579
795.599615
795.599652
795.599692
795.599729
795.599767
795.599804
795.599840
795.599877
795.630095
795.630206
795.630249
795.630291
795.630334
795.630375
795.630416
795.630455
795.630493
795.630534
795.630576
795.630617
795.630655
795.631659
795.631716
795.631758
795.631796
795.631833
795.631873
795.631913
795.631950
795.631987
795.632024
795.632064
795.632101
795.632141
795.632180
795.632217
795.632255
795.632293
795.632331
795.632368
795.632407
795.632446
795.632486
795.632556
795.632613
795.632663
795.632710
795.632765
795.632813
795.632858
795.632903
795.632947
795.632990
795.633036
795.667836
795.667935
795.667975
795.668014
795.668055
795.668093
795.668132
795.668171
795.668211
795.668246
795.668284
795.668319
795.668358
795.668396
795.668432
795.668469
795.668506
795.668542
795.668578
795.668616
795.668652
795.668687
795.668726
795.668765
795.668801
795.668842
795.668878
795.668987
795.669029
795.669065
795.669105
795.669141
795.669177
795.669214
795.669250
795.669286
795.669322
795.669360
795.669399
795.669436
795.669472
795.669509
795.669547
795.669584
795.669621
795.669657
795.696874
795.696980
795.697023
795.697064
795.697105
795.697145
795.697185
795.697224
795.697269
795.697307
795.697347
795.697388
795.697426
795.697465
795.697507
795.697549
795.697589
795.697628
795.697666
795.697705
795.697746
795.697859
795.697904
795.697941
795.697980
795.698019
795.698059
795.698186
795.698661
795.698714
795.698759
795.698798
795.698836
795.698877
795.698917
795.698957
795.698996
795.699033
795.699071
795.699107
795.699145
795.699182
795.699297
795.699351
795.699400
795.699450
795.727662
795.727760
795.727800
795.727839
795.727875
795.727915
795.727951
795.727990
795.728030
795.728067
795.728106
795.728178
795.728219
795.728255
795.728293
795.728329
795.728367
795.728403
795.728441
795.728479
795.728517
795.728556
795.728591
795.728627
795.728665
795.728701
795.728737
795.728772
795.728810
795.728846
795.728882
795.728917
795.728953
795.728990
795.729027
795.729065
795.729100
795.729137
795.729172
795.729208
795.729245
795.729281
795.729317
795.729354
795.729389
795.729428
795.766071
795.766177
795.766219
795.766259
795.766300
795.766341
795.766379
795.766419
795.766459
795.766501
795.766613
795.766658
795.766699
795.766738
795.766775
795.766817
795.766854
795.766893
795.766930
795.766971
795.767009
795.767050
795.767090
795.767128
795.767165
795.767271
795.767312
795.767355
795.767392
795.767431
795.767470
795.767508
795.767546
795.767588
795.767626
795.767663
795.767702
795.767740
795.767778
795.767817
795.767855
795.767893
795.767932
795.767969
795.768007
795.768046
795.790018
795.790124
795.790165
795.790204
795.790244
795.790284
795.790320
795.790358
795.790397
795.790435
795.790476
795.790515
795.790554
795.790662
795.790704
795.790740
795.790779
795.790815
795.790853
795.790892
795.790928
795.790965
795.791001
795.791039
795.791077
795.791113
795.791150
795.791185
795.791314
795.791355
795.791392
795.791428
795.791464
795.791500
795.791538
795.791574
795.791610
795.791647
795.791683
795.791719
795.791756
795.791792
795.791828
795.791864
795.791900
795.791937
795.828187
795.828297
795.828340
795.828381
795.828422
795.828486
795.828528
795.828569
795.828616
795.828660
795.828705
795.828747
795.828785
795.828826
795.828863
795.828902
795.828942
795.828983
795.829021
795.829058
795.829097
795.829138
795.829177
795.829218
795.829257
795.829295
795.829335
795.829378
795.829416
795.829455
795.829497
795.829540
795.829579
795.829619
795.829658
795.829695
795.829734
795.829773
795.829811
795.829851
795.829889
795.829930
795.829969
795.830008
795.830048
795.830087
795.864333
795.864434
795.864476
795.864516
795.864559
795.864641
795.864683
795.864720
795.864760
795.864796
795.864833
795.864873
795.864913
795.864952
795.864989
795.865026
795.865067
795.865104
795.865216
795.865258
795.865295
795.865332
795.865369
795.865406
795.865443
795.865480
795.865517
795.865554
795.865592
795.865633
795.865671
795.865708
795.865747
795.865784
795.865821
795.865859
795.865898
795.865936
795.865975
795.866011
795.866050
795.866088
795.866125
795.866162
795.866198
795.866238
795.901283
795.901384
795.901424
795.901465
795.901506
795.901542
795.901581
795.901619
795.901658
795.901697
795.901736
795.901774
795.901811
795.901848
795.901884
795.901923
795.901961
795.901997
795.902037
795.902076
795.902114
795.902164
795.902216
795.902252
795.902290
795.902327
795.902364
795.902424
795.902465
795.902504
795.902541
795.902580
795.902620
795.902656
795.902694
795.902731
795.902770
795.902806
795.902844
795.902881
795.902918
795.902956
795.902994
795.903030
795.903067
795.903106
795.919130
795.919275
795.919320
795.919361
795.919401
795.919439
795.919478
795.919520
795.919594
795.919634
795.919673
795.919713
795.919752
795.919791
795.919830
795.919868
795.919908
795.919945
795.919981
795.920018
795.920059
795.920096
795.920136
795.920173
795.920215
795.920253
795.920290
795.920326
795.920367
795.920405
795.920443
795.920481
795.920521
795.920559
795.920596
795.920633
795.920671
795.920709
795.920749
795.920787
795.920824
795.920862
795.920900
795.920939
795.920977
795.921017
795.962869
795.963473
795.963531
795.963571
795.963612
795.963651
795.963692
795.963735
795.963772
795.963811
795.963848
795.963888
795.963927
795.963963
795.964004
795.964043
795.964080
795.964120
795.964157
795.964197
795.964236
795.964273
795.964312
795.964349
795.964387
795.964424
795.964461
795.964500
795.964538
795.964575
795.964613
795.964650
795.964689
795.964726
795.964764
795.964801
795.964838
795.964875
795.964912
795.964953
795.964995
795.965034
795.965072
795.965110
795.965148
795.965186
796.001047
796.001147
796.001188
796.001230
796.001269
796.001307
796.001346
796.001386
796.001425
796.001461
796.001497
796.001536
796.001572
796.001612
796.001651
796.001688
796.001726
796.001766
796.001802
796.001839
796.001876
796.001915
796.001952
796.001990
796.002026
796.002066
796.002103
796.002139
796.002178
796.002215
796.002252
796.002289
796.002325
796.002362
796.002400
796.002440
796.002479
796.002516
796.002556
796.002593
796.002630
796.002669
796.002705
796.002741
796.002779
796.002815
796.033718
796.033816
796.033857
796.033895
796.033933
796.033971
796.034011
796.034049
796.034085
796.034123
796.034231
796.034273
796.034311
796.034346
796.034384
796.034422
796.034460
796.034497
796.034535
796.034574
796.034613
796.034649
796.034685
796.034721
796.034756
796.034791
796.034826
796.034862
796.034899
796.034935
796.034974
796.035014
796.035050
796.035086
796.035121
796.035159
796.035195
796.035282
796.035322
796.035361
796.035398
796.035433
796.035469
796.035507
796.035542
796.035578
796.068577
796.068685
796.068725
796.068763
796.068805
796.068842
796.068881
796.068922
796.068960
796.068996
796.069035
796.069074
796.069110
796.069150
796.069189
796.069228
796.069266
796.069305
796.069343
796.069380
796.069417
796.069455
796.069492
796.069528
796.069565
796.069602
796.069642
796.069680
796.069720
796.069761
796.069801
796.069843
796.069882
796.069920
796.069957
796.069994
796.070033
796.070072
796.070112
796.070150
796.070190
796.070229
796.070267
796.070305
796.070342
796.070379
796.100840
796.100941
796.100982
796.101021
796.101057
796.101099
796.101137
796.101176
796.101211
796.101248
796.101354
796.101394
796.101433
796.101472
796.101507
796.101543
796.101579
796.101616
796.101655
796.101693
796.101732
796.101768
796.101803
796.101840
796.101876
796.101914
796.101952
796.101988
796.102025
796.102061
796.102099
796.102134
796.102173
796.102211
796.102247
796.102283
796.102321
796.102356
796.102394
796.102430
796.102466
796.102502
796.102542
796.102578
796.102614
796.102651
796.122996
796.123097
796.123141
796.123182
796.123830
796.123892
796.123933
796.123975
796.124016
796.124056
796.124094
796.124137
796.124176
796.124213
796.124252
796.124289
796.124327
796.124366
796.124404
796.124445
796.124484
796.124525
796.124565
796.124602
796.124642
796.124683
796.124721
796.124759
796.124800
796.124838
796.124875
796.124916
796.124954
796.124995
796.125033
796.125072
796.125111
796.125148
796.125186
796.125227
796.125265
796.125303
796.125341
796.125379
796.125479
796.125545
796.165760
796.165934
796.165981
796.166024
796.166066
796.166112
796.166237
796.166279
796.166348
796.166394
796.166436
796.166532
796.166575
796.166680
796.166724
796.166763
796.166806
796.166844
796.166881
796.166921
796.166960
796.167000
796.167038
796.167076
796.167113
796.167155
796.167194
796.167252
796.167296
796.167340
796.167378
796.167416
796.167456
796.167493
796.167531
796.167569
796.167608
796.167646
796.167687
796.167725
796.167761
796.167801
796.167839
796.167877
796.167916
796.167954
796.197881
796.198001
796.198046
796.198088
796.198130
796.198172
796.198217
796.198260
796.198336
796.198375
796.198415
796.198459
796.198501
796.198542
796.198584
796.198626
796.198667
796.198707
796.198751
796.198789
796.198828
796.198867
796.198906
796.198946
796.198987
796.199031
796.199072
796.199114
796.199155
796.199194
796.199261
796.199303
796.199341
796.199383
796.199422
796.199459
796.199499
796.199536
796.199573
796.199610
796.199647
796.199683
796.199720
796.199757
796.199793
796.199829
796.232875
796.232975
796.233016
796.233054
796.233092
796.233131
796.233170
796.233209
796.233247
796.233357
796.233399
796.233440
796.233479
796.233515
796.233553
796.233590
796.233629
796.233665
796.233704
796.233741
796.233780
796.233817
796.233856
796.233892
796.233928
796.233965
796.234003
796.234039
796.234075
796.234111
796.234147
796.234183
796.234219
796.234257
796.234293
796.234329
796.234365
796.234404
796.234441
796.234478
796.234515
796.234552
796.234588
796.234624
796.234660
796.234696
796.260866
796.260917
796.260932
796.260947
796.260962
796.260975
796.260990
796.261002
796.261015
796.261028
796.261040
796.261055
796.261068
796.261081
796.261094
796.261106
796.261119
796.261132
796.261144
796.261156
796.261169
796.261182
796.261195
796.261208
796.261222
796.261235
796.261247
796.261294
796.261312
796.261324
796.261338
796.261350
796.261363
796.261376
796.261389
796.261401
796.261413
796.261426
796.261439
796.261451
796.261463
796.261475
796.261488
796.261499
796.261511
796.261523
796.301050
796.301151
796.301191
796.301230
796.301269
796.301310
796.301348
796.301386
796.301497
796.301538
796.301574
796.301613
796.301651
796.301687
796.301722
796.301760
796.301798
796.301836
796.301874
796.301910
796.301946
796.301982
796.302020
796.302057
796.302096
796.302134
796.302170
796.302207
796.302245
796.302281
796.302321
796.302359
796.302396
796.302432
796.302467
796.302504
796.302540
796.302576
796.302616
796.302653
796.302689
796.302725
796.302764
796.302799
796.302835
796.302871
796.317600
796.317700
796.317741
796.317781
796.317822
796.317862
796.317901
796.317940
796.317979
796.318017
796.318122
796.318163
796.318202
796.318239
796.318278
796.318315
796.318352
796.318391
796.318428
796.318465
796.318506
796.318543
796.318581
796.318619
796.318657
796.318698
796.318735
796.318772
796.318810
796.318848
796.318886
796.318924
796.318966
796.319004
796.319041
796.319078
796.319115
796.319152
796.319190
796.319293
796.319333
796.319371
796.319412
796.319452
796.319491
796.319531
796.361914
796.362047
796.362090
796.362130
796.362168
796.362208
796.362246
796.362355
796.362397
796.362433
796.362469
796.362508
796.362544
796.362582
796.362620
796.362657
796.362693
796.362731
796.362769
796.362808
796.362847
796.362884
796.363261
796.363308
796.363345
796.363381
796.363418
796.363455
796.363492
796.363528
796.363566
796.363602
796.363638
796.363674
796.363709
796.363745
796.363781
796.363818
796.363855
796.363891
796.363928
796.363968
796.364005
796.364042
796.364081
796.364118
796.400009
796.400113
796.400152
796.400191
796.400228
796.400268
796.400308
796.400344
796.400383
796.400492
796.400533
796.400573
796.400612
796.400654
796.400693
796.400728
796.400768
796.400804
796.400843
796.400880
796.400919
796.400958
796.400996
796.401033
796.401070
796.401109
796.401146
796.401182
796.401217
796.401254
796.401290
796.401326
796.401367
796.401404
796.401441
796.401478
796.401514
796.401551
796.401589
796.401627
796.401664
796.401700
796.401740
796.401777
796.401814
796.401851
796.401891
796.427564
796.427677
796.427717
796.427760
796.427801
796.427842
796.427882
796.427923
796.427963
796.428000
796.428111
796.428154
796.428196
796.428235
796.428276
796.428315
796.428352
796.428392
796.428432
796.428471
796.428507
796.428544
796.428582
796.428619
796.428655
796.428694
796.428731
796.428770
796.428809
796.428847
796.428884
796.428922
796.428958
796.428995
796.429032
796.429071
796.429108
796.429145
796.429185
796.429222
796.429260
796.429297
796.429334
796.429375
796.429412
796.429453
796.429490
796.467547
796.467652
796.467694
796.467735
796.467773
796.467813
796.467853
796.467895
796.467935
796.467976
796.468014
796.468052
796.468088
796.468125
796.468164
796.468204
796.468241
796.468281
796.468321
796.468425
796.468469
796.468505
796.468545
796.468584
796.468625
796.468662
796.468699
796.468735
796.468772
796.468808
796.468845
796.468882
796.468921
796.468958
796.468995
796.469032
796.469070
796.469106
796.469142
796.469182
796.469219
796.469256
796.469294
796.469334
796.469373
796.469412
796.469450
796.486764
796.486863
796.486904
796.486942
796.486981
796.487020
796.487059
796.487094
796.487130
796.487242
796.487339
796.487378
796.487418
796.487455
796.487494
796.487532
796.487570
796.487605
796.487643
796.487681
796.487719
796.487757
796.487794
796.487830
796.487869
796.487905
796.487943
796.487978
796.488014
796.488050
796.488089
796.488124
796.488161
796.488199
796.488234
796.488270
796.488306
796.488345
796.488380
796.488416
796.488453
796.488490
796.488526
796.488563
796.488601
796.488639
796.488679
796.534998
796.535095
796.535136
796.535176
796.535290
796.535331
796.535372
796.535410
796.535520
796.535560
796.535596
796.535635
796.535674
796.535713
796.535751
796.535787
796.535824
796.535862
796.535900
796.535937
796.535976
796.536013
796.536049
796.536084
796.536122
796.536159
796.536198
796.536238
796.536277
796.536313
796.536349
796.536387
796.536423
796.536459
796.536496
796.536532
796.536569
796.536605
796.536641
796.536679
796.536715
796.536750
796.536786
796.536825
796.536863
796.536899
796.536934
796.565653
796.565772
796.565818
796.565862
796.565905
796.565949
796.565991
796.566029
796.566109
796.566181
796.566225
796.566264
796.566304
796.566345
796.566388
796.567851
796.567922
796.567961
796.568002
796.568043
796.568122
796.568278
796.568349
796.568390
796.568430
796.568467
796.568505
796.568542
796.568579
796.568617
796.568658
796.568695
796.568732
796.568770
796.568808
796.568846
796.568883
796.568924
796.568963
796.569001
796.569040
796.569080
796.569119
796.569156
796.569194
796.569231
796.569270
796.590630
796.590736
796.590778
796.590819
796.590860
796.590898
796.590938
796.590977
796.591019
796.591131
796.591172
796.591296
796.591341
796.591382
796.591421
796.591459
796.591498
796.591537
796.591578
796.591616
796.591658
796.591696
796.591734
796.591771
796.591810
796.591848
796.591886
796.591926
796.591966
796.592005
796.592042
796.592084
796.592123
796.592163
796.592201
796.592239
796.592277
796.592315
796.592354
796.592392
796.592431
796.592469
796.592507
796.592547
796.592589
796.592629
796.592667
796.620990
796.621097
796.621139
796.621179
796.621219
796.621261
796.621301
796.621342
796.621381
796.621459
796.621498
796.621538
796.621577
796.621616
796.621655
796.621693
796.621730
796.621769
796.621807
796.621845
796.621881
796.621920
796.621956
796.621993
796.622031
796.622070
796.622108
796.622145
796.622182
796.622218
796.622254
796.622291
796.622329
796.622367
796.622405
796.622442
796.622480
796.622517
796.622556
796.622595
796.622631
796.622668
796.622705
796.622745
796.622781
796.622818
796.622855
796.662005
796.662146
796.662193
796.662244
796.662283
796.662322
796.662365
796.662406
796.662448
796.662491
796.662536
796.662656
796.662704
796.662743
796.662786
796.662827
796.662868
796.662906
796.662948
796.662989
796.663032
796.663070
796.663113
796.663155
796.663194
796.663345
796.663391
796.663432
796.663476
796.663516
796.663554
796.663597
796.663636
796.663678
796.663718
796.663759
796.663799
796.663839
796.663880
796.663920
796.663961
796.664002
796.664043
796.664083
796.664124
796.664165
796.664205
796.704477
796.704577
796.704618
796.704657
796.704693
796.704730
796.704766
796.704805
796.704843
796.704884
796.704921
796.704960
796.704998
796.705033
796.705137
796.705180
796.705218
796.705255
796.705290
796.705329
796.705365
796.705403
796.705439
796.705477
796.705516
796.705553
796.705589
796.705625
796.705661
796.705700
796.705736
796.705774
796.705810
796.705848
796.705886
796.705922
796.705962
796.705999
796.706035
796.706071
796.706107
796.706146
796.706183
796.706219
796.706255
796.706292
796.706330
796.727611
796.727697
796.727736
796.727775
796.727813
796.727852
796.727891
796.727929
796.727965
796.728005
796.728097
796.728136
796.728176
796.728212
796.728250
796.728289
796.728325
796.728362
796.728397
796.728432
796.728469
796.728510
796.728546
796.728584
796.728620
796.728656
796.728692
796.728728
796.728768
796.728805
796.728840
796.728876
796.728911
796.728949
796.728987
796.729022
796.729061
796.729097
796.729136
796.729172
796.729209
796.729244
796.729279
796.729316
796.729355
796.729392
796.729430
796.764893
796.764999
796.765040
796.765080
796.765121
796.765160
796.765198
796.765238
796.765277
796.765315
796.765352
796.765825
796.765888
796.765927
796.765969
796.766010
796.766052
796.766089
796.766128
796.766170
796.766208
796.766246
796.766284
796.766323
796.766363
796.766401
796.766440
796.766478
796.766520
796.766560
796.766598
796.766640
796.766677
796.766716
796.766756
796.766793
796.766833
796.766875
796.766915
796.766955
796.766995
796.767034
796.767073
796.767110
796.767149
796.767187
796.767970
796.802006
796.802105
796.802145
796.802184
796.802223
796.802262
796.802302
796.802339
796.802374
796.802413
796.802517
796.802557
796.802595
796.802632
796.802672
796.802710
796.802746
796.802784
796.802822
796.802858
796.802894
796.802933
796.802969
796.803008
796.803045
796.803082
796.803118
796.803154
796.803193
796.803685
796.803766
796.803806
796.803844
796.803884
796.803921
796.803958
796.803994
796.804031
796.804067
796.804103
796.804140
796.804180
796.804219
796.804256
796.804292
796.804328
796.804365
796.826973
796.827080
796.827123
796.827164
796.827697
796.827749
796.827793
796.827834
796.827874
796.827913
796.827951
796.827988
796.828026
796.828067
796.828107
796.828144
796.828185
796.828224
796.828268
796.828311
796.828348
796.828386
796.828424
796.828465
796.828502
796.828543
796.828581
796.828618
796.828656
796.828694
796.828736
796.828780
796.828819
796.828856
796.828893
796.828929
796.828966
796.829004
796.829042
796.829080
796.829121
796.829162
796.829200
796.829240
796.829281
796.829320
796.829362
796.872396
796.872499
796.872541
796.872582
796.872619
796.872658
796.872699
796.872742
796.872781
796.872856
796.872894
796.872934
796.872972
796.873009
796.873049
796.873087
796.873126
796.873162
796.873198
796.873234
796.873276
796.873314
796.873353
796.873389
796.873425
796.873465
796.873503
796.873539
796.873578
796.873616
796.873654
796.873690
796.873725
796.873761
796.873798
796.873835
796.873871
796.873910
796.873948
796.873985
796.874022
796.874058
796.874094
796.874130
796.874167
796.874206
796.874242
796.903573
796.903673
796.903714
796.903755
796.903795
796.903836
796.903876
796.903915
796.904026
796.904069
796.904109
796.904147
796.904184
796.904222
796.904258
796.904297
796.904337
796.904375
796.904411
796.904447
796.904485
796.904524
796.904560
796.904597
796.904632
796.904668
796.904708
796.904744
796.904781
796.904818
796.904855
796.904893
796.904930
796.904970
796.905007
796.905047
796.905085
796.905122
796.905158
796.905197
796.905234
796.905272
796.905309
796.905346
796.905382
796.905417
796.905455
796.927836
796.927890
796.927908
796.927926
796.927945
796.927959
796.927975
796.927989
796.928001
796.928014
796.928027
796.928041
796.928055
796.928068
796.928081
796.928094
796.928107
796.928120
796.928132
796.928145
796.928157
796.928170
796.928184
796.928197
796.928211
796.928224
796.928237
796.928250
796.928264
796.928276
796.928290
796.928370
796.928383
796.928406
796.928417
796.928429
796.928441
796.928454
796.928468
796.928480
796.928492
796.928503
796.928515
796.928527
796.928540
796.928553
796.928564
796.957787
796.957894
796.957936
796.957976
796.958013
796.958051
796.958090
796.958131
796.958204
796.958247
796.958284
796.958326
796.958363
796.958403
796.958440
796.958477
796.958515
796.958555
796.958593
796.958634
796.958670
796.958707
796.958744
796.958781
796.958820
796.958857
796.958896
796.958936
796.958973
796.959012
796.959051
796.959090
796.959126
796.959163
796.959236
796.959465
796.959519
796.959557
796.959597
796.959634
796.959671
796.959707
796.959744
796.959780
796.959816
796.959852
796.959888
796.993948
796.994052
796.994095
796.994134
796.994177
796.994214
796.994255
796.994293
796.994405
796.994449
796.994489
796.994529
796.994571
796.994610
796.994650
796.994688
796.994726
796.994765
796.994805
796.994843
796.994880
796.994920
796.994960
796.994998
796.995037
796.995074
796.995147
796.995186
796.995299
796.995340
796.995378
796.995415
796.995453
796.995493
796.995531
796.995568
796.995606
796.995643
796.995681
796.995718
796.995755
796.995793
796.995833
796.995871
796.995910
796.995947
796.995986
797.031148
797.031862
797.031926
797.031967
797.032033
797.032072
797.032113
797.032154
797.032196
797.032234
797.032276
797.032319
797.032357
797.032394
797.032433
797.032472
797.032512
797.032550
797.032590
797.032629
797.032668
797.032708
797.032746
797.032786
797.032827
797.032866
797.032907
797.032945
797.032983
797.033022
797.033059
797.033097
797.033134
797.033171
797.033209
797.033247
797.033285
797.033323
797.033363
797.033400
797.033440
797.033479
797.033518
797.033558
797.033597
797.033636
797.033676
797.069658
797.069758
797.069797
797.069834
797.069873
797.069911
797.069950
797.069990
797.070026
797.070064
797.070100
797.070136
797.070173
797.070211
797.070248
797.070287
797.070323
797.070358
797.070394
797.070430
797.070468
797.070504
797.070540
797.070579
797.070615
797.070677
797.070716
797.070752
797.070789
797.070828
797.070867
797.070903
797.070940
797.070977
797.071016
797.071052
797.071088
797.071124
797.071160
797.071532
797.071574
797.071614
797.071651
797.071688
797.071724
797.071765
797.071802
797.098729
797.098822
797.098862
797.098902
797.098940
797.098978
797.099017
797.099056
797.099092
797.099132
797.099171
797.099772
797.099827
797.099867
797.099903
797.099946
797.099984
797.100024
797.100061
797.100100
797.100136
797.100173
797.100210
797.100250
797.100290
797.100334
797.100374
797.100415
797.100454
797.100492
797.100530
797.100569
797.100608
797.100645
797.100684
797.100724
797.100762
797.100805
797.100842
797.100879
797.100916
797.100953
797.100992
797.101031
797.101069
797.101108
797.101147
797.135087
797.135274
797.135325
797.135369
797.135408
797.135452
797.135494
797.135538
797.135614
797.135677
797.135719
797.135760
797.135801
797.135888
797.135930
797.136764
797.136821
797.136866
797.136905
797.136945
797.136982
797.137022
797.137060
797.137099
797.137137
797.137174
797.137211
797.137248
797.137284
797.137322
797.137361
797.137398
797.137436
797.137473
797.137509
797.137547
797.137638
797.137706
797.137772
797.137838
797.137903
797.137973
797.138037
797.138102
797.138164
797.138231
797.138294
797.182647
797.182697
797.182715
797.182731
797.182747
797.182762
797.182777
797.182792
797.182805
797.182819
797.182831
797.182844
797.182858
797.182870
797.182883
797.182896
797.182908
797.182921
797.182933
797.182946
797.182959
797.182973
797.182986
797.182998
797.183011
797.183042
797.183056
797.183134
797.183147
797.183169
797.183182
797.183213
797.183228
797.183242
797.183255
797.183269
797.183281
797.183295
797.183308
797.183321
797.183334
797.183347
797.183358
797.183371
797.183383
797.183396
797.183408
797.200657
797.200707
797.200723
797.200738
797.200752
797.200766
797.200780
797.200792
797.200808
797.200823
797.200837
797.200850
797.200863
797.200876
797.200890
797.200906
797.200919
797.200933
797.200946
797.200959
797.200973
797.200986
797.200999
797.201011
797.201026
797.201038
797.201084
797.201101
797.201113
797.201127
797.201141
797.201154
797.201166
797.201181
797.201194
797.201206
797.201218
797.201232
797.201245
797.201258
797.201271
797.201285
797.201297
797.201310
797.201322
797.201334
797.233079
797.233194
797.233240
797.233283
797.233321
797.233365
797.233408
797.233492
797.233534
797.233635
797.233677
797.233720
797.233763
797.233805
797.233847
797.233886
797.233925
797.233964
797.234005
797.234046
797.234140
797.234182
797.234222
797.234261
797.234297
797.234334
797.234372
797.234412
797.234451
797.234490
797.234530
797.234570
797.234608
797.234644
797.234681
797.234717
797.234757
797.234794
797.234831
797.234873
797.234911
797.234948
797.234986
797.235024
797.235061
797.235098
797.254979
797.255085
797.255129
797.255170
797.255238
797.255281
797.255321
797.255362
797.255401
797.255477
797.255520
797.255560
797.255598
797.255639
797.255676
797.255713
797.255749
797.255789
797.255828
797.255865
797.255904
797.255944
797.255981
797.256020
797.256057
797.256095
797.256137
797.256175
797.256214
797.256250
797.256287
797.256325
797.256363
797.256400
797.256438
797.256479
797.256516
797.256556
797.256592
797.256630
797.256667
797.256705
797.256744
797.256782
797.256818
797.256855
797.298597
797.298708
797.298752
797.298791
797.298832
797.298870
797.298911
797.298952
797.298991
797.299032
797.299198
797.299311
797.299358
797.299399
797.299441
797.299482
797.299524
797.299563
797.299605
797.299646
797.299684
797.299721
797.299760
797.299800
797.299843
797.299881
797.299966
797.300005
797.300042
797.300077
797.300114
797.300150
797.300187
797.300223
797.300262
797.300297
797.300335
797.300371
797.300407
797.300443
797.300479
797.300515
797.300551
797.300587
797.300623
797.300660
797.330490
797.330594
797.330637
797.330679
797.330721
797.330762
797.330805
797.330847
797.330889
797.330971
797.331013
797.331051
797.331091
797.331131
797.331169
797.331287
797.331330
797.331374
797.331410
797.331448
797.331485
797.331522
797.331559
797.331595
797.331634
797.331670
797.331708
797.331745
797.331782
797.331825
797.331862
797.331899
797.331936
797.331972
797.332009
797.332045
797.332082
797.332119
797.332155
797.332192
797.332229
797.332265
797.332302
797.332339
797.332378
797.332414
797.361979
797.362081
797.362123
797.362161
797.362200
797.362239
797.362278
797.362316
797.362355
797.362394
797.362432
797.362541
797.362584
797.362624
797.362664
797.362700
797.362739
797.362776
797.362813
797.362850
797.362886
797.362923
797.362960
797.362996
797.363037
797.363074
797.363110
797.363150
797.363186
797.363256
797.363294
797.363332
797.363368
797.363409
797.363446
797.363483
797.363522
797.363559
797.363596
797.363634
797.363670
797.363706
797.363743
797.363780
797.363817
797.363854
797.397404
797.397523
797.397565
797.397608
797.397650
797.397697
797.397739
797.397779
797.397821
797.397859
797.397896
797.398014
797.398061
797.398099
797.398139
797.398177
797.398216
797.398255
797.398293
797.398332
797.398373
797.398411
797.398452
797.398493
797.398532
797.398571
797.398612
797.398651
797.398690
797.398728
797.398768
797.398807
797.398844
797.398886
797.398926
797.398966
797.399006
797.399046
797.399088
797.399599
797.399829
797.399944
797.400021
797.400088
797.400154
797.400220
797.437888
797.437986
797.438026
797.438066
797.438105
797.438144
797.438181
797.438219
797.438254
797.438289
797.438329
797.438367
797.438403
797.438442
797.438480
797.438518
797.438623
797.438664
797.438701
797.438738
797.438773
797.438809
797.438846
797.438884
797.438920
797.438956
797.438991
797.439028
797.439067
797.439103
797.439142
797.439180
797.439289
797.439333
797.439370
797.439408
797.439445
797.439482
797.439518
797.439554
797.439591
797.439632
797.439670
797.439707
797.439748
797.439786
797.460294
797.460397
797.460438
797.460480
797.460521
797.460559
797.460599
797.460640
797.460679
797.460792
797.460835
797.460872
797.460911
797.460951
797.460989
797.461029
797.461103
797.461144
797.461182
797.461221
797.461257
797.461294
797.461330
797.461367
797.461407
797.461445
797.461485
797.461524
797.461561
797.461601
797.461639
797.461677
797.461714
797.461754
797.461791
797.461829
797.461868
797.461905
797.461943
797.461980
797.462020
797.462057
797.462094
797.462131
797.462169
797.462207
797.504692
797.504799
797.504841
797.504880
797.504918
797.504957
797.504996
797.505035
797.505071
797.505107
797.505147
797.505185
797.505224
797.505262
797.505298
797.505334
797.505372
797.505408
797.505445
797.505484
797.505521
797.505559
797.505595
797.505631
797.505667
797.505703
797.505742
797.505779
797.505817
797.505856
797.505894
797.505930
797.505966
797.506002
797.506038
797.506077
797.506113
797.506149
797.506185
797.506222
797.506258
797.506295
797.506332
797.506371
797.506411
797.506449
797.532373
797.532478
797.532520
797.532560
797.532598
797.532638
797.532679
797.532716
797.532761
797.532803
797.532844
797.532883
797.532920
797.532958
797.532998
797.533037
797.533076
797.533116
797.533152
797.533189
797.533226
797.533263
797.533372
797.533414
797.533454
797.533492
797.533528
797.533564
797.533603
797.533644
797.533682
797.533719
797.533756
797.533792
797.533831
797.533869
797.533906
797.533944
797.533981
797.534020
797.534064
797.534103
797.534141
797.534181
797.534220
797.534260
797.555995
797.556049
797.556069
797.556085
797.556099
797.556113
797.556127
797.556140
797.556155
797.556169
797.556182
797.556195
797.556208
797.556223
797.556235
797.556249
797.556262
797.556274
797.556286
797.556299
797.556313
797.556326
797.556340
797.556352
797.556364
797.556377
797.556390
797.556402
797.556414
797.556427
797.556439
797.556520
797.556535
797.556557
797.556571
797.556583
797.556595
797.556608
797.556621
797.556633
797.556646
797.556659
797.556674
797.556688
797.556701
797.556714
797.598268
797.598388
797.598454
797.598501
797.598551
797.598594
797.598637
797.598682
797.598810
797.598856
797.598902
797.598945
797.598988
797.599034
797.599077
797.599116
797.599157
797.599197
797.599265
797.599311
797.599351
797.599395
797.599435
797.602198
797.602276
797.602323
797.602364
797.602401
797.602441
797.602480
797.602517
797.602559
797.602597
797.602639
797.602677
797.602717
797.602757
797.602794
797.602830
797.602870
797.602911
797.603023
797.603089
797.603156
797.603227
797.603326
797.635342
797.635443
797.635484
797.635523
797.635562
797.635599
797.635635
797.635675
797.635779
797.635820
797.635979
797.636023
797.636063
797.636099
797.636136
797.636173
797.636210
797.636248
797.636289
797.636329
797.636365
797.636401
797.636440
797.636481
797.636517
797.636556
797.636595
797.636634
797.636671
797.636707
797.636744
797.636782
797.636821
797.636857
797.636894
797.636930
797.636966
797.637005
797.637041
797.637077
797.637113
797.637149
797.637186
797.637224
797.637261
797.637297
797.661194
797.661295
797.661336
797.661376
797.661414
797.661454
797.661493
797.661533
797.661572
797.661611
797.661651
797.661690
797.661728
797.661765
797.661804
797.661844
797.661883
797.661920
797.661956
797.661996
797.662033
797.662069
797.662110
797.662150
797.662186
797.662224
797.662260
797.662426
797.662464
797.662503
797.662542
797.662581
797.662621
797.662659
797.662695
797.662731
797.662769
797.662876
797.662920
797.662959
797.662999
797.663037
797.663076
797.663115
797.663155
797.663194
797.699170
797.699467
797.699515
797.699556
797.699670
797.699714
797.699754
797.699792
797.699832
797.699873
797.699931
797.699974
797.700015
797.700056
797.700095
797.700135
797.700173
797.700214
797.700253
797.700294
797.700331
797.701864
797.701939
797.702009
797.702077
797.702142
797.702206
797.702270
797.702334
797.702374
797.702412
797.702448
797.702487
797.702526
797.702562
797.702601
797.702637
797.702676
797.702712
797.702750
797.702785
797.702821
797.702859
797.702895
797.702931
797.702970
797.735552
797.735648
797.735700
797.735740
797.735780
797.735821
797.735860
797.735896
797.735935
797.735978
797.736018
797.736059
797.736099
797.736140
797.736179
797.736217
797.736255
797.736293
797.736330
797.736368
797.736405
797.736447
797.736490
797.736530
797.736569
797.736606
797.736645
797.736683
797.736722
797.736761
797.736801
797.736840
797.736877
797.736915
797.736955
797.736996
797.737033
797.737070
797.737108
797.737148
797.737185
797.737223
797.737259
797.737296
797.737334
797.737371
797.765236
797.765338
797.765380
797.765421
797.765461
797.765499
797.765537
797.765577
797.765613
797.765653
797.765693
797.765805
797.765849
797.765886
797.765926
797.765991
797.766032
797.766073
797.766110
797.766148
797.766188
797.766225
797.766263
797.766302
797.766340
797.766377
797.766417
797.766455
797.766492
797.766528
797.766565
797.766602
797.766638
797.766678
797.766717
797.766755
797.766792
797.766832
797.766870
797.766910
797.766947
797.766985
797.767022
797.767060
797.767096
797.767135
797.801716
797.801808
797.801863
797.801905
797.801946
797.801987
797.802027
797.802063
797.802102
797.802142
797.802181
797.802221
797.802260
797.802300
797.802341
797.802378
797.802416
797.802520
797.802563
797.802600
797.802638
797.802678
797.802718
797.802757
797.802795
797.802834
797.802872
797.802910
797.802945
797.802983
797.803022
797.803059
797.803096
797.803134
797.803172
797.803256
797.803516
797.803562
797.803604
797.803648
797.803685
797.803722
797.803760
797.803798
797.803836
797.803873
797.833309
797.833433
797.833479
797.833524
797.833566
797.833605
797.833646
797.833684
797.833760
797.833802
797.833841
797.833881
797.833919
797.833957
797.833993
797.834033
797.834075
797.834116
797.834157
797.834195
797.834236
797.834275
797.834316
797.834353
797.834391
797.834431
797.834469
797.834510
797.834549
797.834587
797.834624
797.834662
797.834700
797.834739
797.834777
797.834815
797.834856
797.834894
797.834932
797.834971
797.835011
797.835048
797.835086
797.835124
797.835162
797.835246
797.869721
797.869823
797.869863
797.869902
797.869941
797.869980
797.870018
797.870057
797.870131
797.870169
797.870208
797.870247
797.870287
797.870324
797.870361
797.870398
797.870437
797.870475
797.870511
797.870548
797.870585
797.870621
797.870660
797.870698
797.870735
797.870771
797.870811
797.870850
797.870887
797.870924
797.870962
797.870999
797.871040
797.871077
797.871113
797.871151
797.871187
797.871254
797.871401
797.871449
797.871492
797.871531
797.871568
797.871604
797.871640
797.871677
797.895878
797.897177
797.897262
797.897306
797.897351
797.897393
797.897433
797.897471
797.897515
797.897552
797.897591
797.897633
797.897752
797.897799
797.897842
797.897880
797.897925
797.897968
797.898007
797.898047
797.898087
797.898125
797.898164
797.898206
797.898248
797.898289
797.898327
797.898369
797.898410
797.898451
797.898491
797.898531
797.898571
797.898611
797.898651
797.898691
797.898731
797.898772
797.898814
797.898855
797.898895
797.898936
797.898976
797.899017
797.899061
797.899103
797.932166
797.932275
797.932317
797.932358
797.932401
797.932441
797.932482
797.932522
797.932561
797.932599
797.932639
797.932679
797.932717
797.932757
797.932795
797.932836
797.932875
797.932916
797.932956
797.932993
797.933031
797.933071
797.933110
797.933147
797.933185
797.933223
797.933260
797.933298
797.933336
797.933374
797.933415
797.933455
797.933493
797.933532
797.933572
797.933611
797.933649
797.933688
797.933727
797.933766
797.933806
797.933845
797.933884
797.933924
797.933963
797.934003
797.971699
797.971798
797.971835
797.971875
797.971914
797.971954
797.971990
797.972029
797.972064
797.972169
797.972208
797.972244
797.972282
797.972318
797.972354
797.972390
797.972426
797.972467
797.972503
797.972541
797.972580
797.972618
797.972655
797.972692
797.972730
797.972768
797.972807
797.972843
797.972879
797.972915
797.972952
797.972988
797.973024
797.973059
797.973096
797.973132
797.973167
797.973203
797.973240
797.973276
797.973313
797.973349
797.973387
797.973426
797.973465
797.973502
797.997789
797.997893
797.997934
797.997973
797.998012
797.998052
797.998089
797.998128
797.998166
797.998202
797.998242
797.998278
797.998313
797.998350
797.998388
797.998424
797.998463
797.998500
797.998539
797.998574
797.998613
797.998648
797.998685
797.998722
797.998758
797.998793
797.998829
797.998865
797.998901
797.998937
797.998976
797.999012
797.999051
797.999089
797.999125
797.999164
797.999227
798.000732
798.000778
798.000819
798.000856
798.000891
798.000929
798.000964
798.001001
798.001037
798.036578
798.036678
798.036719
798.036761
798.036801
798.036841
798.036878
798.036915
798.036955
798.037069
798.037111
798.037151
798.037194
798.037233
798.037271
798.037311
798.037349
798.037389
798.037426
798.037466
798.037506
798.037543
798.037581
798.037618
798.037654
798.037696
798.037735
798.037772
798.037810
798.037848
798.037885
798.037923
798.037963
798.038002
798.038040
798.038078
798.038117
798.038157
798.038195
798.038232
798.038272
798.038309
798.038347
798.038387
798.038425
798.038462
798.064324
798.064447
798.064491
798.064533
798.064575
798.064621
798.064661
798.064702
798.064742
798.064784
798.064908
798.064951
798.064994
798.065036
798.065077
798.065116
798.065158
798.065202
798.065240
798.065279
798.065320
798.065360
798.065400
798.065440
798.065481
798.065520
798.065560
798.065598
798.065637
798.065679
798.065719
798.065759
798.065797
798.065837
798.065876
798.065916
798.065957
798.065998
798.066037
798.066077
798.066115
798.066154
798.066197
798.066236
798.066277
798.066317
798.101017
798.101117
798.101157
798.101197
798.101236
798.101275
798.101312
798.101348
798.101386
798.101425
798.101461
798.101500
798.101538
798.101574
798.101610
798.101646
798.101682
798.101720
798.101758
798.101797
798.101835
798.101872
798.101908
798.101944
798.101981
798.102020
798.102056
798.102092
798.102129
798.102165
798.102201
798.102239
798.102275
798.102311
798.102348
798.102390
798.102426
798.102466
798.102503
798.102539
798.102576
798.102613
798.102650
798.102691
798.102728
798.102764
798.130388
798.130499
798.130542
798.130587
798.130626
798.130665
798.130706
798.130746
798.130786
798.130826
798.130867
798.130908
798.130948
798.130986
798.131025
798.131063
798.131101
798.131141
798.131181
798.131991
798.132052
798.132097
798.132136
798.132175
798.132216
798.132255
798.132294
798.132333
798.132371
798.132410
798.132451
798.132490
798.132527
798.132564
798.132603
798.132642
798.132680
798.132722
798.132761
798.132799
798.132837
798.132909
798.132960
798.133010
798.133058
798.133104
798.165414
798.165522
798.165563
798.165602
798.165640
798.165676
798.165716
798.165756
798.165799
798.165875
798.165916
798.165953
798.165991
798.166029
798.166068
798.166109
798.166148
798.166189
798.166227
798.166265
798.166303
798.166342
798.166379
798.166417
798.166456
798.166495
798.166532
798.166570
798.166606
798.166644
798.166685
798.166723
798.166765
798.166805
798.166843
798.166881
798.166922
798.166964
798.167002
798.167039
798.167075
798.167113
798.167151
798.167188
798.167308
798.167353
798.197595
798.197715
798.197759
798.197801
798.197842
798.197880
798.197921
798.197997
798.198037
798.198077
798.198120
798.198163
798.198247
798.198291
798.198333
798.198372
798.198414
798.198452
798.198490
798.198528
798.198566
798.198604
798.198647
798.198687
798.198725
798.198765
798.198804
798.198843
798.198881
798.198923
798.198961
798.199000
798.199041
798.199080
798.199119
798.199156
798.199197
798.199306
798.199351
798.200409
798.200489
798.200555
798.200598
798.200641
798.200681
798.200722
798.233946
798.234079
798.234135
798.234191
798.234248
798.234297
798.234351
798.234481
798.234540
798.234596
798.234651
798.234701
798.234758
798.234812
798.234865
798.234920
798.234972
798.235026
798.235076
798.235128
798.235185
798.235524
798.235588
798.235646
798.235698
798.235750
798.235798
798.235850
798.235904
798.235956
798.235999
798.236047
798.236095
798.236142
798.236189
798.236236
798.236283
798.236379
798.236437
798.236502
798.236563
798.236626
798.236684
798.236736
798.236790
798.236849
798.271474
798.271575
798.271614
798.271652
798.271690
798.271730
798.271766
798.271805
798.271843
798.271882
798.271918
798.271957
798.271995
798.272032
798.272068
798.272105
798.272141
798.272180
798.272218
798.272257
798.272292
798.272328
798.272366
798.272402
798.272442
798.272478
798.272516
798.272552
798.272591
798.272630
798.272666
798.272702
798.272739
798.272775
798.272810
798.272850
798.272887
798.272925
798.272961
798.272997
798.273035
798.273071
798.273106
798.273143
798.273178
798.273218
798.285621
798.285713
798.285755
798.285796
798.285835
798.285874
798.285916
798.285957
798.285997
798.286037
798.286078
798.286185
798.286227
798.286268
798.286309
798.286353
798.286390
798.286429
798.286467
798.286506
798.286544
798.286583
798.286621
798.286658
798.286693
798.286733
798.286769
798.286805
798.286842
798.286879
798.286919
798.286956
798.286994
798.287032
798.287071
798.287585
798.287637
798.287676
798.287718
798.287756
798.287798
798.287837
798.287874
798.287911
798.287948
798.287985
798.329383
798.329503
798.329555
798.329611
798.329660
798.329716
798.329772
798.329828
798.329918
798.329969
798.330024
798.330075
798.330122
798.330170
798.330224
798.330271
798.330317
798.330366
798.330419
798.330468
798.330515
798.330565
798.330615
798.330667
798.330719
798.330771
798.330822
798.330870
798.330921
798.330966
798.331015
798.331064
798.331113
798.331161
798.331255
798.331308
798.331362
798.331415
798.331468
798.331520
798.331570
798.331620
798.331672
798.331721
798.331768
798.331823
798.368661
798.368761
798.368802
798.368839
798.368878
798.368918
798.368958
798.368994
798.369030
798.369066
798.369171
798.369212
798.369251
798.369289
798.369329
798.369369
798.369406
798.369444
798.369484
798.369522
798.369561
798.369599
798.369638
798.369676
798.369714
798.369757
798.369794
798.369834
798.369873
798.369913
798.369954
798.369993
798.370033
798.370071
798.370109
798.370148
798.370185
798.370222
798.370262
798.370299
798.370337
798.370375
798.370413
798.370451
798.370494
798.370534
798.396505
798.396608
798.396646
798.396688
798.396725
798.396765
798.396805
798.396842
798.396881
798.396919
798.396958
798.396994
798.397033
798.397072
798.397112
798.397148
798.397252
798.397293
798.397329
798.397368
798.397407
798.397446
798.397482
798.397518
798.397557
798.397594
798.397670
798.397709
798.397748
798.397784
798.397823
798.397862
798.397898
798.397936
798.397973
798.398011
798.398048
798.398084
798.398120
798.398156
798.398192
798.398229
798.398266
798.398302
798.398339
798.398376
798.433789
798.433894
798.433936
798.433975
798.434016
798.434056
798.434094
798.434134
798.434172
798.434211
798.434251
798.434293
798.434334
798.434371
798.434411
798.434446
798.434486
798.434522
798.434559
798.434598
798.434637
798.434676
798.434746
798.434789
798.434827
798.434864
798.434904
798.434941
798.434978
798.435018
798.435055
798.435092
798.435132
798.435170
798.435269
798.435312
798.435351
798.435390
798.435431
798.435469
798.435507
798.435544
798.435581
798.435619
798.435657
798.435696
798.469254
798.469361
798.469403
798.469444
798.469486
798.469526
798.469566
798.469607
798.469648
798.469686
798.469726
798.469767
798.469805
798.469842
798.469882
798.469921
798.469961
798.469998
798.470038
798.470079
798.470118
798.470160
798.470198
798.470236
798.470277
798.470316
798.470355
798.470395
798.470434
798.470471
798.470512
798.470552
798.470589
798.470629
798.470668
798.470706
798.470744
798.470782
798.470820
798.470860
798.470898
798.470936
798.470973
798.471011
798.471050
798.471089
798.503011
798.503108
798.503148
798.503187
798.503278
798.503321
798.503441
798.503603
798.503657
798.503696
798.503734
798.503773
798.503808
798.503844
798.503884
798.503920
798.503956
798.503992
798.504031
798.504067
798.504105
798.504141
798.504177
798.504215
798.504251
798.504287
798.504325
798.504362
798.504398
798.504436
798.504473
798.504512
798.504548
798.504583
798.504619
798.504656
798.504691
798.504727
798.504763
798.504801
798.504837
798.504874
798.504911
798.504947
798.504983
798.505020
798.530325
798.530429
798.530472
798.530511
798.530551
798.530591
798.530631
798.530670
798.530707
798.530785
798.530825
798.530861
798.530901
798.530937
798.530974
798.531011
798.531046
798.531086
798.531121
798.531157
798.531193
798.531298
798.531691
798.531741
798.531778
798.531815
798.531852
798.531888
798.531924
798.531962
798.532000
798.532036
798.532078
798.532114
798.532152
798.532188
798.532226
798.532263
798.532299
798.532335
798.532371
798.532409
798.532446
798.532483
798.532521
798.532557
798.561254
798.561379
798.561426
798.561466
798.561505
798.561568
798.561610
798.561646
798.561684
798.561721
798.561796
798.561835
798.561872
798.561909
798.561947
798.561989
798.562027
798.562065
798.562103
798.562139
798.562179
798.562218
798.562258
798.562296
798.562335
798.562394
798.562440
798.562480
798.562517
798.562553
798.562591
798.562628
798.562703
798.562855
798.562924
798.562962
798.562998
798.563036
798.563076
798.563115
798.563154
798.563196
798.563314
798.563357
798.563393
798.563430
798.599737
798.599839
798.599881
798.599921
798.599960
798.600000
798.600041
798.600081
798.600121
798.600161
798.600202
798.600268
798.600308
798.600346
798.600384
798.600424
798.600462
798.600503
798.600541
798.600578
798.600618
798.600659
798.600701
798.600740
798.600779
798.600821
798.600861
798.600900
798.600939
798.600977
798.601016
798.601053
798.601092
798.601131
798.601169
798.601209
798.601248
798.601287
798.601325
798.601363
798.601403
798.601441
798.601478
798.601515
798.602493
798.602569
798.624321
798.624425
798.624466
798.624505
798.624545
798.624584
798.624625
798.624662
798.624702
798.624777
798.624815
798.624852
798.624892
798.624932
798.624968
798.625007
798.625043
798.625080
798.625116
798.625157
798.625196
798.625235
798.625272
798.625311
798.625347
798.625383
798.625419
798.625455
798.625492
798.625530
798.625568
798.625607
798.625646
798.625684
798.625721
798.625760
798.625798
798.625834
798.625870
798.625906
798.625943
798.625981
798.626019
798.626056
798.626095
798.626131
798.668091
798.668193
798.668234
798.668275
798.668315
798.668354
798.668393
798.668433
798.668472
798.668511
798.668549
798.668589
798.668630
798.668669
798.668705
798.668741
798.668778
798.668816
798.668852
798.668889
798.668925
798.668961
798.668999
798.669036
798.669072
798.669111
798.669147
798.669183
798.669223
798.669262
798.669299
798.669335
798.669372
798.669412
798.669452
798.669489
798.669525
798.669563
798.669599
798.669637
798.669674
798.669714
798.669751
798.669789
798.669826
798.669927
798.702784
798.702885
798.702922
798.702961
798.703001
798.703040
798.703079
798.703120
798.703159
798.703234
798.703275
798.703312
798.703412
798.703455
798.703491
798.703527
798.703566
798.703604
798.703640
798.703677
798.703713
798.703751
798.703787
798.703823
798.703859
798.703895
798.703931
798.703970
798.704009
798.704044
798.704083
798.704121
798.704156
798.704192
798.704228
798.704266
798.704302
798.704338
798.704374
798.704410
798.704446
798.704482
798.704518
798.704555
798.704593
798.704629
798.729510
798.729611
798.729652
798.729692
798.729731
798.729771
798.729808
798.729844
798.729882
798.729921
798.729962
798.730071
798.730114
798.730154
798.730190
798.730230
798.730269
798.730306
798.730343
798.730382
798.730418
798.730454
798.730490
798.730528
798.730564
798.730600
798.730640
798.730678
798.730715
798.730754
798.730793
798.730829
798.730869
798.730905
798.730941
798.730980
798.731016
798.731053
798.731089
798.731125
798.731161
798.731235
798.731784
798.731832
798.731872
798.731909
798.768759
798.768862
798.768905
798.768945
798.768986
798.769026
798.769064
798.769107
798.769146
798.769183
798.769223
798.769263
798.769304
798.769344
798.769382
798.769419
798.769460
798.769498
798.769535
798.769575
798.769616
798.769656
798.769694
798.769735
798.769773
798.769810
798.769847
798.769885
798.769923
798.769961
798.769998
798.770036
798.770074
798.770116
798.770155
798.770194
798.770233
798.770270
798.770309
798.770347
798.770385
798.770426
798.770463
798.770501
798.770541
798.770579
798.795756
798.795856
798.795897
798.795936
798.795975
798.796013
798.796052
798.796090
798.796128
798.796166
798.796205
798.796313
798.796356
798.796394
798.796433
798.796469
798.796505
798.796543
798.796583
798.796619
798.796655
798.796691
798.796726
798.796762
798.796798
798.796835
798.796871
798.796909
798.796949
798.796988
798.797025
798.797064
798.797100
798.797136
798.797173
798.797212
798.797250
798.797287
798.797327
798.797365
798.797404
798.797440
798.797481
798.797517
798.797553
798.797590
798.832544
798.832648
798.832689
798.832730
798.832771
798.832809
798.832848
798.832889
798.832928
798.832965
798.833080
798.833124
798.833160
798.833197
798.833234
798.833274
798.833313
798.833352
798.833392
798.833430
798.833470
798.833508
798.833545
798.833584
798.833621
798.833658
798.833695
798.833732
798.833772
798.833810
798.833846
798.833883
798.833922
798.833959
798.833997
798.834037
798.834074
798.834111
798.834151
798.834189
798.834226
798.834264
798.834301
798.834337
798.834374
798.834415
798.875189
798.875335
798.875383
798.875420
798.875459
798.875499
798.875536
798.875575
798.875646
798.875684
798.875724
798.875764
798.875800
798.875840
798.875878
798.875917
798.875953
798.875994
798.876030
798.876069
798.876105
798.876145
798.876184
798.876220
798.876256
798.876293
798.876329
798.876367
798.876406
798.876442
798.876480
798.876515
798.876551
798.876588
798.876625
798.876661
798.876696
798.876734
798.876771
798.876809
798.876846
798.876885
798.876922
798.876962
798.877000
798.877038
798.895826
798.895876
798.895894
798.895911
798.895927
798.895942
798.895958
798.895972
798.895986
798.895998
798.896012
798.896025
798.896038
798.896051
798.896063
798.896075
798.896088
798.896100
798.896113
798.896125
798.896137
798.896149
798.896161
798.896175
798.896187
798.896199
798.896212
798.896224
798.896238
798.896250
798.896262
798.896274
798.896287
798.896299
798.896312
798.896324
798.896336
798.896347
798.896359
798.896371
798.896383
798.896395
798.896407
798.896419
798.896430
798.896442
798.929907
798.930015
798.930057
798.930098
798.930137
798.930177
798.930219
798.930258
798.930299
798.930339
798.930410
798.930452
798.930492
798.930529
798.930564
798.930601
798.930637
798.930674
798.930713
798.930750
798.930787
798.930824
798.930863
798.930900
798.930937
798.930973
798.931010
798.931046
798.931086
798.931123
798.931162
798.931240
798.931283
798.931323
798.931360
798.931398
798.931434
798.931474
798.931511
798.931548
798.931586
798.931623
798.931660
798.931701
798.931737
798.931774
798.963125
798.963278
798.963322
798.963359
798.963398
798.963437
798.963584
798.963677
798.963720
798.963757
798.963795
798.963834
798.963872
798.963909
798.963949
798.963987
798.964023
798.964062
798.964101
798.964219
798.964259
798.964299
798.964337
798.964376
798.964413
798.964449
798.964485
798.964523
798.964559
798.964595
798.964630
798.964667
798.964702
798.964738
798.964778
798.964819
798.964857
798.964895
798.964930
798.964968
798.965005
798.965043
798.965080
798.965117
798.965153
798.965191
798.998924
798.999032
798.999075
798.999117
798.999157
798.999244
798.999310
798.999353
798.999396
798.999436
798.999742
798.999787
798.999828
798.999868
798.999910
798.999947
798.999984
799.000022
799.000059
799.000097
799.000137
799.000173
799.000209
799.000245
799.000282
799.000319
799.000356
799.000396
799.000432
799.000469
799.000506
799.000543
799.000580
799.000620
799.000659
799.000699
799.000737
799.000772
799.000810
799.000848
799.000885
799.000926
799.000965
799.001003
799.001042
799.001081
799.033323
799.033427
799.033467
799.033508
799.033548
799.033587
799.033627
799.033666
799.033707
799.033815
799.033906
799.033946
799.033986
799.034027
799.034065
799.034102
799.034142
799.034182
799.034219
799.034256
799.034297
799.034334
799.034373
799.034414
799.034452
799.034492
799.034528
799.034565
799.034602
799.034642
799.034679
799.034718
799.034756
799.034795
799.034836
799.034877
799.034919
799.034957
799.034995
799.035034
799.035072
799.035111
799.035148
799.035189
799.035280
799.035321
799.069076
799.069185
799.069226
799.069264
799.069306
799.069346
799.069385
799.069425
799.069465
799.069580
799.069624
799.069666
799.069703
799.069743
799.069781
799.069818
799.069857
799.069899
799.069938
799.069976
799.070013
799.070051
799.070089
799.070126
799.070169
799.070206
799.070244
799.070282
799.070322
799.070359
799.070397
799.070437
799.070475
799.070513
799.070554
799.070596
799.070635
799.070674
799.070712
799.070750
799.070788
799.070828
799.070867
799.070904
799.070942
799.070980
799.106114
799.106214
799.106255
799.106295
799.106335
799.106373
799.106414
799.106453
799.106491
799.106531
799.106637
799.106678
799.106717
799.106755
799.106791
799.106831
799.106871
799.106909
799.106945
799.106984
799.107020
799.107057
799.107096
799.107133
799.107172
799.107241
799.109352
799.109408
799.109445
799.109482
799.109519
799.109557
799.109600
799.109637
799.109676
799.109714
799.109751
799.109787
799.109823
799.109864
799.109903
799.109939
799.109978
799.110014
799.110050
799.110087
799.129518
799.129633
799.129680
799.129723
799.129768
799.129813
799.129854
799.129898
799.129942
799.129988
799.130654
799.130703
799.130750
799.130792
799.130837
799.130877
799.130917
799.130959
799.131001
799.131042
799.131081
799.131139
799.131180
799.131264
799.131356
799.131400
799.131439
799.131482
799.131744
799.131797
799.131843
799.131953
799.132026
799.132111
799.132184
799.132254
799.132331
799.132403
799.132474
799.132545
799.132614
799.132683
799.132756
799.132828
799.132899
799.132965
799.168511
799.168611
799.168654
799.168693
799.168733
799.168772
799.168810
799.168848
799.168957
799.169000
799.169039
799.169075
799.169112
799.169148
799.169183
799.169223
799.169263
799.169299
799.169337
799.169373
799.169409
799.169445
799.169484
799.169520
799.169555
799.169591
799.169627
799.169667
799.169705
799.169742
799.169778
799.169813
799.169852
799.169889
799.169928
799.169966
799.170002
799.170041
799.170076
799.170114
799.170151
799.170190
799.170227
799.170264
799.170300
799.170337
799.200530
799.200630
799.200671
799.200713
799.200753
799.200790
799.200829
799.200866
799.200906
799.200944
799.200985
799.201061
799.201102
799.201142
799.201179
799.201220
799.201260
799.201301
799.201338
799.201375
799.201411
799.201450
799.201488
799.201529
799.201568
799.201606
799.201644
799.201681
799.201720
799.201759
799.201798
799.201834
799.201872
799.201910
799.201947
799.201986
799.202024
799.202062
799.202099
799.202138
799.202175
799.202213
799.202250
799.202288
799.202326
799.202364
799.225801
799.225853
799.225871
799.225888
799.225903
799.225918
799.225933
799.225947
799.225962
799.225977
799.225990
799.226002
799.226017
799.226032
799.226044
799.226059
799.226071
799.226086
799.226100
799.226115
799.226128
799.226142
799.226156
799.226172
799.226186
799.226201
799.226217
799.226232
799.226246
799.226333
799.226347
799.226361
799.226384
799.226397
799.226411
799.226424
799.226438
799.226451
799.226466
799.226480
799.226494
799.226507
799.226519
799.226533
799.226546
799.226559
799.267157
799.267912
799.267982
799.268027
799.268072
799.268114
799.268158
799.268203
799.268245
799.268288
799.268331
799.268373
799.268410
799.268584
799.268632
799.268677
799.268716
799.268758
799.268798
799.268837
799.268875
799.268913
799.268955
799.268996
799.269035
799.269073
799.269111
799.269149
799.269187
799.269226
799.269264
799.269304
799.269343
799.269381
799.269421
799.269461
799.269499
799.269538
799.269581
799.269621
799.269660
799.269698
799.269734
799.269770
799.269806
799.269844
799.300894
799.300995
799.301036
799.301077
799.301117
799.301157
799.301194
799.301233
799.301348
799.301393
799.301433
799.301518
799.301563
799.301600
799.301637
799.301675
799.301715
799.301752
799.301792
799.301830
799.301866
799.301905
799.301942
799.301979
799.302016
799.302058
799.302102
799.302147
799.302188
799.302230
799.302273
799.302317
799.302359
799.302407
799.302450
799.302492
799.302534
799.302575
799.302622
799.302665
799.302708
799.302753
799.302797
799.302839
799.302889
799.302932
799.334237
799.334337
799.334381
799.334419
799.334459
799.334500
799.334539
799.334580
799.334620
799.334690
799.334728
799.334767
799.334802
799.334839
799.334878
799.334919
799.334958
799.334996
799.335033
799.335070
799.335106
799.335143
799.335180
799.335464
799.335513
799.335550
799.335658
799.335698
799.335740
799.335776
799.335813
799.335849
799.335885
799.335921
799.335957
799.335996
799.336033
799.336069
799.336108
799.336145
799.336182
799.336221
799.336256
799.336293
799.336329
799.336367
799.366520
799.366622
799.366663
799.366703
799.366743
799.366782
799.366821
799.366857
799.366960
799.367003
799.367041
799.367076
799.367116
799.367156
799.367195
799.367300
799.367341
799.367379
799.367421
799.367457
799.367494
799.367533
799.367684
799.367763
799.367804
799.367846
799.367885
799.367923
799.367962
799.368000
799.368037
799.368074
799.368113
799.368151
799.368189
799.368228
799.368267
799.368305
799.368344
799.368382
799.368419
799.368457
799.368495
799.368577
799.368616
799.368653
799.399597
799.399732
799.399777
799.399817
799.399858
799.399899
799.399940
799.399979
799.400024
799.400066
799.400109
799.400149
799.400187
799.400225
799.400329
799.400414
799.400453
799.400652
799.400699
799.400738
799.400777
799.400816
799.400852
799.400891
799.400927
799.400964
799.400999
799.401035
799.401071
799.401108
799.401145
799.401182
799.401221
799.401262
799.401298
799.401335
799.401372
799.401410
799.401450
799.401491
799.401528
799.401567
799.401605
799.401643
799.401684
799.401722
799.435406
799.435524
799.435567
799.435608
799.435654
799.435696
799.436141
799.436192
799.436234
799.436277
799.436318
799.436356
799.436394
799.436434
799.436474
799.436512
799.436550
799.436590
799.436630
799.436669
799.436708
799.436748
799.436786
799.436823
799.436863
799.436900
799.436938
799.436975
799.437016
799.437054
799.437092
799.437130
799.437168
799.437210
799.437249
799.437287
799.437325
799.437364
799.437402
799.437439
799.437478
799.437516
799.437553
799.437593
799.437631
799.437669
799.472202
799.472303
799.472344
799.472384
799.472423
799.472461
799.472498
799.472537
799.472577
799.472617
799.472654
799.472693
799.472735
799.472772
799.472810
799.472851
799.472893
799.472935
799.472972
799.473009
799.473046
799.473096
799.473137
799.473177
799.473217
799.473255
799.473294
799.473332
799.473373
799.473413
799.473450
799.473487
799.473524
799.473563
799.473603
799.473641
799.473683
799.473722
799.473760
799.473797
799.473835
799.473873
799.473911
799.473948
799.473985
799.474026
799.498983
799.499103
799.499147
799.499189
799.499259
799.499300
799.499338
799.499379
799.499498
799.499596
799.499636
799.499678
799.499720
799.499758
799.499795
799.499835
799.499875
799.499914
799.499953
799.499990
799.500030
799.500070
799.500109
799.500147
799.500185
799.500226
799.500265
799.500303
799.500339
799.500400
799.500442
799.500484
799.500530
799.500567
799.500608
799.500649
799.500689
799.500728
799.500768
799.500807
799.500850
799.500888
799.500928
799.500966
799.501007
799.501049
799.528754
799.528864
799.528907
799.528948
799.528989
799.529030
799.529072
799.529112
799.529154
799.529194
799.529233
799.529271
799.529312
799.529353
799.529396
799.529437
799.529480
799.529518
799.529557
799.529596
799.529638
799.529675
799.529713
799.529750
799.529790
799.529827
799.529865
799.529902
799.529941
799.529978
799.530016
799.530056
799.530093
799.530133
799.530171
799.530208
799.530245
799.530282
799.530319
799.530357
799.530396
799.530434
799.530471
799.530509
799.530546
799.530585
799.559779
799.559892
799.559936
799.559980
799.560023
799.560071
799.560111
799.560151
799.560193
799.560234
799.560273
799.560314
799.560351
799.560391
799.560432
799.560474
799.560515
799.560555
799.560654
799.560702
799.560744
799.560785
799.560863
799.560903
799.560943
799.560984
799.561022
799.561060
799.561101
799.561139
799.561178
799.561216
799.561255
799.561296
799.561333
799.561372
799.561408
799.561446
799.561486
799.561524
799.561563
799.561602
799.561639
799.561679
799.561716
799.561754
799.599014
799.599122
799.599166
799.600081
799.600135
799.600176
799.600217
799.600258
799.600301
799.600338
799.600375
799.600415
799.600455
799.600497
799.600537
799.600574
799.600612
799.600650
799.600688
799.600725
799.600763
799.600804
799.600844
799.600887
799.600926
799.600966
799.601005
799.601045
799.601085
799.601124
799.601165
799.601202
799.601241
799.601281
799.601322
799.601360
799.601429
799.601480
799.601531
799.601578
799.622996
799.623116
799.623160
799.623273
799.623320
799.623362
799.623480
799.623525
799.623566
799.623606
799.623644
799.623683
799.623721
799.623762
799.623804
799.623845
799.623886
799.623924
799.623966
799.624006
799.624046
799.624084
799.624124
799.624166
799.624204
799.624243
799.624285
799.624324
799.624364
799.624402
799.624441
799.624480
799.624518
799.624561
799.624599
799.624637
799.624677
799.624716
799.624754
799.624796
799.624836
799.624873
799.624912
799.624949
799.624989
799.625027
799.656009
799.656114
799.656158
799.656199
799.656242
799.656281
799.656320
799.656360
799.656397
799.656434
799.656474
799.656514
799.656628
799.656672
799.656710
799.656748
799.656788
799.656828
799.656868
799.656906
799.656944
799.656980
799.657017
799.657057
799.657094
799.657132
799.657170
799.657210
799.657247
799.657287
799.657324
799.657362
799.657399
799.657437
799.657477
799.657518
799.657556
799.657593
799.657633
799.657673
799.657710
799.657754
799.657794
799.657831
799.657869
799.657907
799.697156
799.697255
799.697296
799.697334
799.697374
799.697413
799.697453
799.697491
799.697532
799.697572
799.697616
799.697722
799.697765
799.697805
799.697842
799.697879
799.697920
799.697957
799.697993
799.698034
799.698070
799.698108
799.698146
799.698186
799.698225
799.698264
799.698307
799.698347
799.698391
799.698434
799.698473
799.698512
799.698551
799.698591
799.698631
799.698670
799.698712
799.698748
799.698784
799.698821
799.698861
799.698899
799.698935
799.698973
799.699009
799.699046
799.737406
799.737511
799.737554
799.737594
799.737634
799.737673
799.737712
799.737751
799.737861
799.737905
799.737943
799.737982
799.738019
799.738059
799.738099
799.738136
799.738172
799.738209
799.738248
799.738285
799.738324
799.738360
799.738400
799.738438
799.738475
799.738513
799.738549
799.738590
799.738629
799.738666
799.738705
799.738743
799.738781
799.738820
799.738860
799.738897
799.738934
799.738971
799.739009
799.739048
799.739085
799.739122
799.739163
799.739248
799.739287
799.739325
799.758739
799.758836
799.758878
799.758917
799.758956
799.758996
799.759035
799.759074
799.759112
799.759186
799.759247
799.759288
799.759326
799.759367
799.759404
799.759444
799.759518
799.759557
799.759596
799.759632
799.759669
799.759704
799.759740
799.759776
799.759813
799.759849
799.759885
799.759925
799.759963
799.760000
799.760035
799.760071
799.760108
799.760143
799.760179
799.760217
799.760253
799.760289
799.760326
799.760364
799.760400
799.760439
799.760475
799.760511
799.760548
799.760584
799.810360
799.810465
799.810507
799.810545
799.810585
799.810622
799.810668
799.810708
799.810748
799.810791
799.810831
799.810868
799.810905
799.810942
799.810979
799.811019
799.811058
799.811095
799.811135
799.811175
799.811239
799.811278
799.811318
799.811355
799.811394
799.811432
799.811470
799.811508
799.811552
799.811593
799.811632
799.811671
799.811708
799.811747
799.811808
799.811850
799.811893
799.811939
799.811979
799.812020
799.812059
799.812101
799.812142
799.812182
799.812221
799.812261
799.834037
799.834151
799.834192
799.834234
799.834276
799.834318
799.834356
799.834396
799.834510
799.834554
799.834591
799.834632
799.834671
799.834739
799.834783
799.834860
799.834898
799.834936
799.834975
799.835015
799.835051
799.835089
799.835127
799.835163
799.835230
799.835268
799.835306
799.835343
799.835379
799.835419
799.835456
799.835492
799.835528
799.835567
799.835603
799.835639
799.835675
799.835714
799.835750
799.835786
799.835823
799.835859
799.835898
799.835935
799.835973
799.836009
799.863540
799.863650
799.863695
799.863740
799.863780
799.863825
799.863869
799.863910
799.863953
799.863992
799.864038
799.864082
799.864125
799.864213
799.864256
799.864300
799.864400
799.864443
799.864485
799.864526
799.864570
799.864613
799.864658
799.864702
799.864742
799.864784
799.864825
799.864868
799.864912
799.864960
799.865000
799.865040
799.865079
799.865118
799.865158
799.865200
799.865238
799.865281
799.865320
799.865359
799.865399
799.865438
799.865478
799.865518
799.865561
799.865602
799.902020
799.902120
799.902158
799.902198
799.902239
799.902278
799.902319
799.902356
799.902430
799.902472
799.902509
799.902546
799.902584
799.902623
799.902660
799.902698
799.902735
799.902771
799.902812
799.902852
799.902888
799.902924
799.902962
799.903001
799.903037
799.903073
799.903110
799.903148
799.903186
799.903248
799.903287
799.903324
799.903361
799.903397
799.903433
799.903472
799.903509
799.903544
799.903580
799.903615
799.903651
799.903689
799.903725
799.903763
799.903802
799.903840
799.925188
799.925289
799.925332
799.925373
799.925414
799.925456
799.925499
799.925540
799.925578
799.925615
799.925658
799.925774
799.925819
799.925858
799.925898
799.925937
799.925975
799.926021
799.926065
799.926106
799.926145
799.926183
799.926220
799.926257
799.926295
799.926332
799.926370
799.926407
799.926445
799.926483
799.926526
799.926566
799.926603
799.926641
799.926683
799.926719
799.926757
799.926794
799.926832
799.926870
799.926907
799.926946
799.926988
799.927027
799.927065
799.927105
799.954268
799.954371
799.954413
799.954455
799.954495
799.954535
799.954571
799.954612
799.954651
799.954768
799.954813
799.954854
799.954893
799.954933
799.954973
799.955009
799.955048
799.955085
799.955125
799.955162
799.955241
799.955281
799.955321
799.955358
799.955398
799.955437
799.955475
799.955511
799.955553
799.955593
799.955631
799.955669
799.955706
799.955744
799.955783
799.955823
799.955864
799.955903
799.955942
799.955981
799.956018
799.956057
799.956096
799.956133
799.956171
799.956209
799.997832
799.997935
799.997978
799.998016
799.998056
799.998096
799.998136
799.998177
799.998215
799.998253
799.998293
799.998330
799.998369
799.998409
799.998522
799.998565
799.998605
799.998646
799.998686
799.998727
799.998766
799.998805
799.998843
799.998880
799.998917
799.998960
799.999002
799.999040
799.999079
799.999116
799.999153
799.999193
800.000167
800.000223
800.000264
800.000360
800.000429
800.000501
800.000569
800.000635
800.000700
800.000768
800.000833
800.000899
800.000965
800.001030
800.034037
800.034182
800.034276
800.034318
800.034514
800.034566
800.034604
800.034642
800.034679
800.034720
800.034758
800.034798
800.034837
800.034876
800.034914
800.034951
800.034990
800.035029
800.035066
800.035101
800.035140
800.035177
800.035245
800.035283
800.035320
800.035357
800.035396
800.035432
800.035471
800.035507
800.035544
800.035581
800.035621
800.035658
800.035700
800.035737
800.035774
800.035812
800.035848
800.035885
800.035923
800.035960
800.035999
800.036036
800.036074
800.036111
800.064609
800.064719
800.064763
800.064803
800.064844
800.064886
800.064927
800.064969
800.065010
800.065117
800.065161
800.065201
800.065239
800.065278
800.065314
800.065354
800.065395
800.065435
800.065472
800.065513
800.065550
800.065587
800.065626
800.065666
800.065703
800.065740
800.065777
800.065818
800.065856
800.065893
800.065929
800.065968
800.066008
800.066046
800.066085
800.066123
800.066160
800.066198
800.066235
800.066273
800.066313
800.066350
800.066387
800.066425
800.066462
800.066501
800.103979
800.104085
800.104196
800.104238
800.104278
800.104317
800.104354
800.104395
800.104502
800.104546
800.104586
800.104626
800.104662
800.104701
800.104739
800.104776
800.104812
800.104848
800.104883
800.104919
800.104956
800.104995
800.105034
800.105072
800.105110
800.105146
800.105182
800.105219
800.105258
800.105294
800.105333
800.105373
800.105410
800.105446
800.105485
800.105524
800.105563
800.105602
800.105639
800.105675
800.105712
800.105749
800.105787
800.105823
800.105860
800.105898
800.126539
800.126642
800.126683
800.126724
800.126766
800.126806
800.126843
800.126884
800.126922
800.126959
800.126995
800.127100
800.127144
800.127180
800.127270
800.129066
800.129127
800.129166
800.129213
800.129254
800.129292
800.129331
800.129374
800.129414
800.129452
800.129492
800.129530
800.129571
800.129612
800.129650
800.129691
800.129727
800.129765
800.129802
800.129842
800.129879
800.129917
800.129955
800.129996
800.130034
800.130072
800.130109
800.130146
800.130184
800.130220
800.130257
800.167120
800.167266
800.167309
800.167350
800.167391
800.167430
800.167470
800.167508
800.167544
800.167655
800.167696
800.167732
800.167774
800.167815
800.167852
800.167889
800.167926
800.167982
800.168026
800.168063
800.168103
800.168140
800.168180
800.168217
800.168255
800.168292
800.168459
800.168504
800.168547
800.168591
800.168632
800.168674
800.168713
800.168752
800.168791
800.168830
800.168868
800.168909
800.168947
800.168985
800.169024
800.169061
800.169099
800.169138
800.169218
800.169258
800.192362
800.192467
800.192509
800.192549
800.192587
800.192630
800.192671
800.192712
800.192752
800.192790
800.192828
800.192870
800.192907
800.192947
800.192988
800.193026
800.193063
800.193101
800.193141
800.193182
800.193219
800.193257
800.193294
800.193333
800.193371
800.193408
800.193447
800.193488
800.193526
800.193565
800.193603
800.193643
800.193680
800.193719
800.193760
800.193800
800.193840
800.193878
800.193917
800.193954
800.193992
800.194030
800.194068
800.194107
800.194148
800.194187
800.237943
800.238041
800.238082
800.238124
800.238163
800.238203
800.238242
800.238280
800.238317
800.238355
800.238392
800.238503
800.238545
800.238584
800.238621
800.238657
800.238694
800.238730
800.238769
800.238805
800.238846
800.238882
800.238922
800.238959
800.238997
800.239034
800.239072
800.239108
800.239149
800.239188
800.239251
800.239292
800.239329
800.239366
800.239406
800.239444
800.239482
800.239522
800.239559
800.239597
800.239634
800.239671
800.239709
800.239746
800.239784
800.239821
800.261604
800.261708
800.261752
800.261794
800.261832
800.261870
800.261910
800.261949
800.261986
800.262024
800.262064
800.262101
800.262137
800.262176
800.262291
800.262336
800.262376
800.262414
800.262455
800.262495
800.262533
800.262571
800.262608
800.262649
800.262688
800.262727
800.262766
800.262808
800.262845
800.262886
800.262925
800.262963
800.263000
800.263038
800.263076
800.263113
800.263153
800.263193
800.263286
800.263329
800.263370
800.263410
800.263450
800.263490
800.263530
800.263569
800.301055
800.301282
800.301328
800.301369
800.301442
800.301481
800.301517
800.301555
800.301594
800.301633
800.301672
800.301708
800.301747
800.301787
800.301823
800.301860
800.301899
800.301935
800.301971
800.302007
800.302043
800.302078
800.302114
800.302150
800.302185
800.302221
800.302259
800.302295
800.302334
800.302372
800.302408
800.302444
800.302481
800.302516
800.302552
800.302588
800.302624
800.302659
800.302699
800.302736
800.302775
800.302811
800.302847
800.302883
800.302919
800.302955
800.323925
800.324030
800.324073
800.324112
800.324151
800.324192
800.324228
800.324268
800.324305
800.324346
800.324383
800.324421
800.324461
800.324498
800.324534
800.324572
800.324609
800.324648
800.324688
800.324724
800.324761
800.324801
800.324840
800.324877
800.324913
800.324950
800.324987
800.325026
800.325065
800.325104
800.325144
800.325181
800.325218
800.325256
800.325293
800.325331
800.325368
800.325406
800.325443
800.325483
800.325521
800.325559
800.325598
800.325636
800.325674
800.325712
800.363229
800.363427
800.363475
800.363516
800.363554
800.363590
800.363630
800.363666
800.363702
800.363741
800.363777
800.363817
800.363854
800.363893
800.363933
800.364043
800.364088
800.364123
800.364160
800.364198
800.364236
800.364274
800.364311
800.364350
800.364386
800.364422
800.364457
800.364528
800.364567
800.364606
800.364642
800.364677
800.364714
800.364750
800.364787
800.364823
800.364858
800.364894
800.364930
800.364969
800.365006
800.365042
800.365078
800.365115
800.365151
800.365188
800.405216
800.405325
800.405369
800.405412
800.405453
800.405557
800.405599
800.405637
800.405677
800.405719
800.405761
800.405803
800.405844
800.405882
800.405923
800.406031
800.406078
800.406118
800.406156
800.406195
800.406237
800.406273
800.406312
800.406352
800.406389
800.406426
800.406467
800.406509
800.406547
800.406585
800.406625
800.406663
800.406702
800.406741
800.406779
800.406817
800.406857
800.406895
800.406932
800.406970
800.407009
800.407048
800.407086
800.407124
800.407162
800.407283
800.430278
800.430385
800.430426
800.430463
800.430500
800.430539
800.430576
800.430615
800.430651
800.430755
800.430798
800.430835
800.430873
800.430911
800.430947
800.430983
800.431020
800.431060
800.431098
800.431134
800.431169
800.431371
800.431419
800.431457
800.431495
800.431534
800.431573
800.431609
800.431645
800.431681
800.431718
800.431755
800.431791
800.431827
800.431863
800.431899
800.431937
800.431974
800.432010
800.432047
800.432083
800.432124
800.432160
800.432197
800.432233
800.432273
800.472922
800.473032
800.473074
800.473117
800.473157
800.473205
800.473249
800.473291
800.473332
800.473372
800.473409
800.473450
800.473491
800.473531
800.473571
800.473609
800.473649
800.473687
800.473724
800.473764
800.473804
800.473843
800.473881
800.473919
800.473956
800.473994
800.474032
800.474072
800.474112
800.474150
800.474187
800.474225
800.474263
800.474301
800.474339
800.474377
800.474415
800.474455
800.474492
800.474532
800.474571
800.474610
800.474648
800.474686
800.474725
800.474764
800.498405
800.498506
800.498548
800.498587
800.498623
800.498664
800.498701
800.498740
800.498777
800.498849
800.498889
800.498925
800.498963
800.498998
800.499034
800.499072
800.499107
800.499146
800.499184
800.499271
800.499309
800.499363
800.499404
800.499441
800.499477
800.499515
800.499554
800.499591
800.499627
800.499664
800.499701
800.499737
800.499773
800.499810
800.499846
800.499881
800.499917
800.499953
800.499988
800.500024
800.500062
800.500100
800.500136
800.500172
800.500208
800.500247
800.535961
800.536060
800.536100
800.536140
800.536180
800.536219
800.536259
800.536295
800.536334
800.536373
800.536412
800.536484
800.536524
800.536561
800.537287
800.537335
800.537377
800.537418
800.537456
800.537494
800.537531
800.537568
800.537604
800.537642
800.537681
800.537722
800.537759
800.537796
800.537837
800.537876
800.537914
800.537954
800.537991
800.538028
800.538065
800.538105
800.538142
800.538178
800.538214
800.538250
800.538290
800.538329
800.538367
800.538403
800.538505
800.538571
800.565614
800.565669
800.565686
800.565703
800.565721
800.565737
800.565753
800.565767
800.565780
800.565794
800.565808
800.565820
800.565834
800.565849
800.565862
800.565875
800.565889
800.565903
800.565916
800.565929
800.565943
800.565957
800.565969
800.565981
800.565993
800.566007
800.566038
800.566052
800.566065
800.566079
800.566093
800.566107
800.566119
800.566133
800.566145
800.566159
800.566172
800.566186
800.566200
800.566212
800.566227
800.566240
800.566253
800.566267
800.566348
800.566362
800.601169
800.601277
800.601324
800.601365
800.601410
800.601455
800.601497
800.601542
800.601586
800.601630
800.601674
800.601715
800.601809
800.601855
800.601898
800.601938
800.601980
800.602022
800.602064
800.602105
800.602147
800.602194
800.602236
800.602281
800.602325
800.602368
800.602409
800.602450
800.602495
800.602539
800.602583
800.602626
800.602669
800.602714
800.602756
800.602798
800.602845
800.602895
800.602992
800.603036
800.603078
800.603119
800.603161
800.603238
800.603281
800.603326
800.639904
800.640011
800.640056
800.640097
800.640138
800.640177
800.640218
800.640255
800.640295
800.640368
800.640412
800.640451
800.640491
800.640528
800.640569
800.640609
800.640645
800.640684
800.640723
800.640760
800.640799
800.640837
800.640877
800.640917
800.640960
800.641003
800.641044
800.641086
800.641123
800.641161
800.641199
800.641237
800.641276
800.641320
800.641363
800.641404
800.641448
800.641490
800.641529
800.641568
800.641607
800.641645
800.641689
800.641728
800.641767
800.641807
800.669481
800.669580
800.669622
800.669661
800.669699
800.669735
800.669772
800.669808
800.669845
800.669884
800.669957
800.669999
800.670037
800.670075
800.670111
800.670149
800.670187
800.670226
800.670262
800.670297
800.670334
800.670370
800.670407
800.670444
800.670482
800.670518
800.670555
800.670590
800.670627
800.670662
800.670698
800.670734
800.670773
800.670811
800.670848
800.670885
800.670922
800.670958
800.670994
800.671032
800.671068
800.671105
800.671141
800.671177
800.671232
800.671912
800.702482
800.702584
800.702626
800.702666
800.702707
800.702746
800.702784
800.702824
800.702863
800.702902
800.702940
800.702977
800.703016
800.703054
800.703092
800.703131
800.703169
800.703755
800.703814
800.703854
800.703894
800.703931
800.703970
800.704013
800.704053
800.704096
800.704141
800.704182
800.704222
800.704261
800.704300
800.704337
800.704377
800.704416
800.704544
800.704586
800.704627
800.704664
800.704703
800.704741
800.704778
800.704815
800.704853
800.704890
800.704982
800.705048
800.737999
800.738108
800.738150
800.738187
800.738229
800.738269
800.738309
800.738345
800.738386
800.738429
800.738469
800.738575
800.738616
800.738653
800.738691
800.738728
800.738768
800.738808
800.738844
800.738883
800.738922
800.738962
800.738999
800.739035
800.739073
800.739113
800.739150
800.739189
800.739496
800.739544
800.739581
800.739618
800.739662
800.739705
800.739746
800.739782
800.739822
800.739859
800.740325
800.740377
800.740416
800.740513
800.740577
800.740639
800.740702
800.740766
800.767003
800.767106
800.767144
800.767184
800.767378
800.767422
800.767463
800.767505
800.767542
800.767579
800.767618
800.767655
800.767764
800.767809
800.767850
800.767890
800.767931
800.767972
800.768010
800.768049
800.768091
800.768131
800.768169
800.768210
800.768249
800.768289
800.768329
800.768368
800.768407
800.768444
800.768610
800.768652
800.768689
800.768728
800.768763
800.768799
800.768835
800.768871
800.768907
800.768943
800.768980
800.769016
800.769052
800.769090
800.769125
800.769161
800.802364
800.802478
800.802522
800.802562
800.802604
800.802649
800.802691
800.802733
800.802774
800.802814
800.802930
800.802973
800.803015
800.803053
800.803092
800.803133
800.803175
800.803303
800.803352
800.803393
800.803435
800.803474
800.803518
800.803560
800.803602
800.803642
800.803684
800.803725
800.803766
800.803809
800.804485
800.804538
800.804577
800.804620
800.804660
800.804698
800.804736
800.804777
800.804872
800.804939
800.805007
800.805070
800.805135
800.805201
800.805265
800.805330
800.831107
800.831239
800.831281
800.831323
800.831361
800.831404
800.831447
800.831490
800.831529
800.831568
800.831681
800.831724
800.831766
800.831807
800.831845
800.831886
800.831926
800.831966
800.832005
800.832043
800.832087
800.832126
800.832164
800.832203
800.832242
800.832281
800.832323
800.832361
800.832400
800.832439
800.832477
800.832515
800.832559
800.832600
800.832640
800.832678
800.832717
800.832758
800.832798
800.832837
800.832875
800.832914
800.832951
800.832990
800.833028
800.833067
800.861471
800.861526
800.861546
800.861565
800.861585
800.861600
800.861612
800.861627
800.861641
800.861654
800.861668
800.861682
800.861695
800.861708
800.861722
800.861735
800.861748
800.861760
800.861772
800.861784
800.861795
800.861807
800.861820
800.861832
800.861846
800.861858
800.861870
800.861884
800.861897
800.861910
800.861956
800.861974
800.861986
800.861998
800.862011
800.862023
800.862035
800.862048
800.862060
800.862073
800.862089
800.862108
800.862122
800.862135
800.862148
800.862161
800.892598
800.892842
800.892944
800.892993
800.893034
800.893150
800.893193
800.893236
800.893275
800.893313
800.893353
800.893393
800.893430
800.893465
800.893501
800.893541
800.893579
800.893620
800.893657
800.893698
800.893735
800.893776
800.893813
800.893851
800.893890
800.893927
800.893964
800.894002
800.894040
800.894077
800.894117
800.894158
800.894196
800.894234
800.894271
800.894308
800.894345
800.894382
800.894423
800.894460
800.894501
800.894539
800.894581
800.894620
800.894660
800.894700
800.921484
800.921594
800.921639
800.921682
800.921725
800.921768
800.921810
800.921853
800.921892
800.921976
800.922016
800.922058
800.922098
800.922136
800.922177
800.922214
800.922255
800.922294
800.922335
800.922376
800.922413
800.922455
800.922496
800.922532
800.922573
800.922610
800.922645
800.922685
800.922723
800.922761
800.922800
800.922837
800.922873
800.922909
800.922945
800.922982
800.923018
800.923055
800.923091
800.923126
800.923165
800.923296
800.923339
800.923377
800.923414
800.923451
800.970640
800.970748
800.970790
800.970834
800.970877
800.970920
800.970961
800.971004
800.971044
800.971083
800.971125
800.971168
800.971252
800.971541
800.971592
800.971635
800.971681
800.971721
800.971761
800.971798
800.971838
800.971875
800.971915
800.971955
800.971992
800.972031
800.972072
800.972111
800.972155
800.972194
800.972233
800.972274
800.972315
800.972354
800.972395
800.972434
800.972473
800.972511
800.972547
800.972585
800.972627
800.972663
800.972701
800.972740
800.972778
800.972816
801.003225
801.003846
801.003856
801.003864
801.003872
801.003879
801.003887
801.003894
801.003903
801.003910
801.003918
801.003926
801.003933
801.004295
801.004375
801.004420
801.004459
801.004496
801.004535
801.005091
801.005137
801.005178
801.005217
801.005254
801.005290
801.005327
801.005367
801.005403
801.005440
801.005476
801.005513
801.005549
801.005586
801.005623
801.005661
801.005698
801.005738
801.005775
801.005812
801.005850
801.005887
801.005925
801.005966
801.006011
801.006053
801.006093
801.036013
801.036119
801.036161
801.036202
801.036242
801.036281
801.036322
801.036360
801.036403
801.036441
801.036481
801.036521
801.036558
801.036597
801.036636
801.036674
801.036711
801.036751
801.036789
801.036826
801.036864
801.036905
801.036945
801.036984
801.037022
801.037059
801.037105
801.037145
801.037183
801.037223
801.037262
801.037302
801.037339
801.037378
801.037416
801.037456
801.037497
801.037535
801.037573
801.037612
801.037649
801.037687
801.037725
801.037763
801.037805
801.037846
801.074309
801.074410
801.074451
801.074489
801.074530
801.074569
801.074609
801.074647
801.074684
801.074786
801.074830
801.074867
801.074905
801.074944
801.074983
801.075020
801.075056
801.075092
801.075132
801.075172
801.075246
801.075285
801.075322
801.075359
801.075396
801.075432
801.075469
801.075506
801.075546
801.075583
801.075619
801.075657
801.075697
801.075738
801.075778
801.075817
801.075857
801.075894
801.075930
801.075966
801.076003
801.076039
801.076075
801.076113
801.076151
801.076189
801.098801
801.098854
801.098871
801.098889
801.098905
801.098921
801.098935
801.098949
801.098962
801.098975
801.098989
801.099002
801.099016
801.099029
801.099042
801.099056
801.099068
801.099082
801.099095
801.099108
801.099123
801.099135
801.099148
801.099178
801.099228
801.099243
801.099257
801.099273
801.099353
801.099367
801.099387
801.099401
801.099414
801.099426
801.099439
801.099451
801.099463
801.099476
801.099489
801.099501
801.099514
801.099526
801.099539
801.099551
801.099563
801.099576
801.140588
801.140688
801.140729
801.140768
801.140809
801.140848
801.140886
801.140923
801.141031
801.141072
801.141110
801.141148
801.141185
801.141223
801.141262
801.141298
801.141336
801.141374
801.141410
801.141448
801.141487
801.141523
801.141559
801.141594
801.141630
801.141666
801.141702
801.141738
801.141777
801.141818
801.141855
801.141893
801.141928
801.141965
801.142001
801.142038
801.142074
801.142108
801.142144
801.142180
801.142221
801.142260
801.142298
801.142334
801.142373
801.142411
801.160286
801.160415
801.160432
801.160447
801.160461
801.160475
801.160490
801.160503
801.160516
801.160530
801.160542
801.160556
801.160569
801.160583
801.160596
801.160611
801.160624
801.160638
801.160650
801.160681
801.160696
801.160708
801.160720
801.160732
801.160744
801.160757
801.160770
801.160782
801.160795
801.160807
801.160819
801.160832
801.160844
801.160858
801.160871
801.160883
801.160896
801.160907
801.160920
801.160932
801.160945
801.160958
801.160970
801.160984
801.160997
801.161011
801.210722
801.210823
801.210865
801.210905
801.210946
801.210986
801.211025
801.211065
801.211176
801.211309
801.211355
801.211396
801.211436
801.211477
801.211514
801.211551
801.211591
801.211628
801.211667
801.211704
801.211741
801.211778
801.211818
801.211861
801.211902
801.211939
801.211976
801.212016
801.212056
801.212114
801.212156
801.212194
801.212233
801.212277
801.212315
801.212373
801.212415
801.212453
801.212489
801.212529
801.212567
801.212604
801.212641
801.212682
801.212720
801.212757
801.226053
801.226162
801.226207
801.226249
801.226290
801.226331
801.226370
801.226409
801.226447
801.226487
801.226524
801.226564
801.226605
801.226646
801.226686
801.226724
801.226764
801.226802
801.226842
801.226881
801.226921
801.226961
801.227002
801.227041
801.227079
801.227117
801.227157
801.227231
801.227768
801.227819
801.227861
801.227899
801.227938
801.227977
801.228015
801.228054
801.228092
801.228130
801.228169
801.228214
801.228252
801.228291
801.228331
801.228369
801.228407
801.228446
801.256819
801.256923
801.256964
801.257003
801.257044
801.257085
801.257123
801.257162
801.257201
801.257241
801.257277
801.257314
801.257354
801.257394
801.257431
801.257471
801.257510
801.257549
801.257587
801.257624
801.257664
801.257701
801.257741
801.257778
801.257818
801.257856
801.257893
801.257932
801.257969
801.258006
801.258044
801.258081
801.258117
801.258154
801.258191
801.258230
801.258267
801.258305
801.258343
801.258381
801.258420
801.258457
801.258495
801.258535
801.258573
801.258611
801.289283
801.289389
801.289432
801.289473
801.289514
801.289556
801.289598
801.289640
801.289680
801.289794
801.289840
801.289882
801.289924
801.289965
801.290006
801.290044
801.290086
801.290124
801.290161
801.290199
801.290237
801.290277
801.290317
801.290357
801.290395
801.290433
801.290470
801.290508
801.290549
801.290588
801.290625
801.290663
801.290701
801.290739
801.290780
801.290818
801.290858
801.290897
801.290937
801.290977
801.291016
801.291054
801.291096
801.291136
801.291174
801.291262
801.331463
801.331565
801.331609
801.331647
801.331687
801.331725
801.331765
801.331804
801.331844
801.331884
801.331926
801.331966
801.332004
801.332434
801.332485
801.332525
801.332568
801.332608
801.332649
801.332687
801.332728
801.332769
801.332807
801.332849
801.332891
801.332931
801.332972
801.333012
801.333051
801.333090
801.333130
801.333168
801.333235
801.333278
801.333317
801.333356
801.333395
801.333434
801.333472
801.333510
801.333552
801.333589
801.333628
801.333668
801.333707
801.333746
801.368879
801.369714
801.369777
801.369825
801.369867
801.369904
801.369946
801.369990
801.370033
801.370074
801.370110
801.370150
801.370195
801.370239
801.370278
801.370324
801.370371
801.370411
801.370454
801.370496
801.370540
801.370582
801.370625
801.370666
801.370709
801.370756
801.370798
801.370837
801.370880
801.370917
801.370956
801.370998
801.371041
801.371081
801.371121
801.371165
801.373473
801.373544
801.373591
801.373634
801.373676
801.373716
801.373757
801.373799
801.373842
801.373892
801.406088
801.406189
801.406231
801.406271
801.406314
801.406351
801.406392
801.406429
801.406468
801.406509
801.406546
801.406588
801.406628
801.406666
801.406704
801.406744
801.406784
801.406822
801.406859
801.406898
801.406937
801.406976
801.407013
801.407050
801.407088
801.407125
801.407163
801.407241
801.407489
801.407536
801.407573
801.407611
801.407649
801.407689
801.407730
801.407766
801.407803
801.407843
801.407884
801.407921
801.407959
801.407995
801.408032
801.408069
801.408107
801.408144
801.438548
801.438658
801.438699
801.438739
801.438779
801.438817
801.438857
801.438896
801.438935
801.438975
801.439014
801.439051
801.439114
801.439153
801.439189
801.439253
801.439988
801.440045
801.440087
801.440126
801.440164
801.440202
801.440241
801.440511
801.440554
801.440591
801.440628
801.440665
801.440701
801.440737
801.440777
801.440816
801.440852
801.440891
801.440929
801.440966
801.441003
801.441039
801.441075
801.441112
801.441150
801.441187
801.441223
801.441259
801.441295
801.441331
801.473115
801.473209
801.473250
801.473290
801.473329
801.473366
801.473405
801.473444
801.473484
801.473521
801.473560
801.473663
801.473706
801.473746
801.473783
801.473823
801.473860
801.473899
801.473938
801.473976
801.474011
801.474049
801.474085
801.474124
801.474160
801.474196
801.474232
801.474268
801.474304
801.474340
801.474376
801.474412
801.474451
801.474491
801.474527
801.474565
801.474603
801.474639
801.474675
801.474712
801.474748
801.474784
801.474820
801.474856
801.474891
801.474927
801.502218
801.502334
801.502377
801.502417
801.502455
801.502496
801.502538
801.502580
801.502621
801.502661
801.502703
801.502742
801.502784
801.502823
801.502864
801.502903
801.502943
801.502987
801.503027
801.503068
801.503111
801.503150
801.503281
801.504211
801.504293
801.504335
801.504377
801.504419
801.504463
801.504510
801.504557
801.504679
801.504762
801.504842
801.504922
801.504996
801.505072
801.505150
801.505218
801.505307
801.505386
801.505457
801.505554
801.505630
801.505700
801.505779
801.538203
801.538335
801.538380
801.538422
801.538462
801.538501
801.538543
801.538621
801.538665
801.538708
801.538750
801.538790
801.538834
801.538876
801.538916
801.538959
801.538999
801.539038
801.539080
801.539121
801.539162
801.539291
801.539332
801.539369
801.539407
801.539448
801.539485
801.539522
801.539558
801.539594
801.539631
801.539668
801.539708
801.539750
801.539787
801.539823
801.539864
801.539901
801.539938
801.539976
801.540012
801.540047
801.540084
801.540122
801.540161
801.540199
801.574658
801.574768
801.574820
801.574866
801.574912
801.574959
801.575008
801.575053
801.575100
801.575148
801.575197
801.576710
801.576779
801.576835
801.576892
801.576948
801.577005
801.577057
801.577152
801.577213
801.577273
801.577337
801.577399
801.577459
801.577520
801.577583
801.577648
801.577704
801.577765
801.577836
801.590339
801.590430
801.590472
801.590514
801.590551
801.590592
801.590632
801.590672
801.590732
801.590773
801.590813
801.590851
801.590890
801.590929
801.590967
801.591005
801.591042
801.591078
801.591116
801.591152
801.591188
801.591252
801.591291
801.591331
801.591368
801.591407
801.591445
801.591482
801.591519
801.591556
801.591593
801.591632
801.591669
801.591705
801.591746
801.591783
801.591819
801.591859
801.591895
801.591932
801.591968
801.592005
801.592042
801.592078
801.592114
801.592149
801.632356
801.632464
801.632508
801.632552
801.632593
801.632635
801.632677
801.632718
801.632832
801.632877
801.632919
801.632959
801.632998
801.633039
801.633081
801.633121
801.633161
801.633203
801.633245
801.633284
801.633323
801.633361
801.633403
801.633443
801.633483
801.633520
801.633558
801.633596
801.633636
801.633674
801.633712
801.633749
801.633789
801.633828
801.633865
801.633903
801.633942
801.633983
801.634021
801.634060
801.634099
801.634138
801.634177
801.634214
801.634252
801.634290
801.657623
801.657730
801.657774
801.657815
801.657857
801.657900
801.657941
801.657982
801.658023
801.658065
801.658142
801.658182
801.658221
801.658260
801.658299
801.658338
801.658378
801.658415
801.658452
801.658491
801.658527
801.658565
801.658604
801.658642
801.658678
801.658715
801.658751
801.658789
801.658825
801.658861
801.658897
801.658934
801.658970
801.659008
801.659045
801.659082
801.659119
801.659156
801.659193
801.659287
801.659329
801.659366
801.659403
801.659439
801.659475
801.659515
801.699455
801.699550
801.699591
801.699633
801.699671
801.699710
801.699747
801.699785
801.699823
801.699934
801.699975
801.700013
801.700049
801.700087
801.700122
801.700163
801.700202
801.700241
801.700276
801.700312
801.700347
801.700383
801.700420
801.700455
801.700511
801.700550
801.700587
801.700626
801.700663
801.700699
801.700736
801.700772
801.700809
801.700845
801.700883
801.700920
801.701503
801.701549
801.701590
801.701629
801.701667
801.701706
801.701743
801.701783
801.701820
801.701859
801.740228
801.740327
801.740367
801.740406
801.740445
801.740484
801.740522
801.740561
801.740670
801.740711
801.740750
801.740786
801.740825
801.740863
801.740901
801.740937
801.740975
801.741013
801.741048
801.741086
801.741123
801.741158
801.741195
801.741232
801.741271
801.741306
801.741345
801.741383
801.741419
801.741456
801.741492
801.741528
801.741566
801.741604
801.741640
801.741678
801.741715
801.741751
801.741787
801.741823
801.741859
801.741895
801.741930
801.741966
801.742002
801.742040
801.770144
801.770662
801.770715
801.770754
801.770794
801.770833
801.770872
801.770908
801.770947
801.770984
801.771022
801.771061
801.771098
801.771137
801.771175
801.771244
801.771283
801.771324
801.771360
801.771395
801.771434
801.771472
801.771513
801.771552
801.771591
801.771628
801.771667
801.771706
801.771744
801.771782
801.771820
801.771859
801.771895
801.771933
801.771973
801.772010
801.772046
801.772083
801.772335
801.772382
801.772420
801.772457
801.772495
801.772532
801.772570
801.772661
801.803761
801.803875
801.803920
801.803963
801.804005
801.804047
801.804089
801.804129
801.804172
801.804211
801.804257
801.804370
801.804413
801.804451
801.804487
801.804525
801.804564
801.804602
801.804639
801.804675
801.804715
801.804752
801.804788
801.804826
801.804866
801.804904
801.804941
801.804979
801.805018
801.805057
801.805098
801.805139
801.805178
801.805219
801.805258
801.805298
801.805336
801.805377
801.805418
801.805457
801.805496
801.805535
801.805574
801.805612
801.805654
801.805695
801.839244
801.839310
801.839326
801.839340
801.839354
801.839368
801.839380
801.839395
801.839407
801.839421
801.839434
801.839449
801.839462
801.839475
801.839487
801.839501
801.839514
801.839527
801.839539
801.839577
801.839624
801.839641
801.839654
801.839667
801.839680
801.839692
801.839705
801.839718
801.839730
801.839743
801.839755
801.839767
801.839780
801.839793
801.839805
801.839820
801.839833
801.839845
801.839856
801.839868
801.839880
801.839892
801.839905
801.839918
801.839930
801.839943
801.857922
801.858019
801.858060
801.858097
801.858139
801.858178
801.858218
801.858255
801.858294
801.858330
801.858370
801.858409
801.858449
801.858487
801.858528
801.858565
801.858605
801.858644
801.858681
801.858719
801.858780
801.858820
801.858857
801.858984
801.859030
801.859071
801.859110
801.859152
801.859190
801.859260
801.859302
801.859339
801.859377
801.859415
801.859452
801.859490
801.859532
801.859572
801.859609
801.859646
801.859683
801.859721
801.859759
801.859797
801.859833
801.859870
801.904857
801.904955
801.904996
801.905033
801.905072
801.905112
801.905150
801.905191
801.905229
801.905268
801.905378
801.905425
801.905464
801.905503
801.905539
801.905575
801.905616
801.905653
801.905690
801.905730
801.905767
801.905802
801.905839
801.905877
801.905917
801.905957
801.906000
801.906039
801.906077
801.906116
801.906152
801.906188
801.906226
801.906263
801.906301
801.906340
801.906382
801.906421
801.906459
801.906497
801.906536
801.906573
801.906614
801.906651
801.906689
801.906727
801.922222
801.922315
801.922358
801.922398
801.922436
801.922473
801.922509
801.922547
801.922583
801.922622
801.922658
801.922694
801.922734
801.922772
801.922811
801.922851
801.922886
801.922924
801.922961
801.923000
801.923036
801.923072
801.923109
801.923147
801.923185
801.923329
801.923416
801.923456
801.923493
801.923534
801.923571
801.923609
801.923646
801.923682
801.923719
801.923757
801.923793
801.923830
801.923867
801.923903
801.923939
801.923975
801.924012
801.924049
801.924088
801.924127
801.957974
801.958114
801.958168
801.958226
801.958289
801.958352
801.958450
801.958512
801.958567
801.958629
801.958692
801.958752
801.958806
801.958871
801.958926
801.958979
801.959041
801.959103
801.959157
801.959571
801.959644
801.959698
801.959760
801.959821
801.959884
801.959949
801.960008
801.960067
801.960126
801.960185
801.960241
801.960302
801.960394
801.960461
801.960530
801.960596
801.960657
801.960721
801.960784
801.960850
801.960915
801.960976
801.961040
801.961103
801.961161
801.961223
802.002062
802.002184
802.002230
802.002277
802.002322
802.002370
802.002412
802.002453
802.002542
802.002590
802.002634
802.002726
802.002780
802.002880
802.002930
802.003076
802.003132
802.003183
802.003283
802.003337
802.003392
802.003449
802.003498
802.003538
802.003578
802.003618
802.003658
802.003700
802.003745
802.003788
802.003831
802.003869
802.003912
802.003955
802.003996
802.004039
802.004079
802.004118
802.004166
802.004205
802.004247
802.004291
802.004337
802.004379
802.004418
802.004460
802.035402
802.035545
802.035597
802.035648
802.035698
802.035750
802.035800
802.037339
802.037413
802.037463
802.037508
802.037552
802.037598
802.037651
802.037697
802.037744
802.037791
802.037836
802.037876
802.037923
802.038027
802.038094
802.038164
802.038243
802.038317
802.038383
802.038449
802.038516
802.075553
802.075672
802.075726
802.075782
802.075837
802.075886
802.075937
802.075989
802.076105
802.076157
802.076211
802.076261
802.076310
802.076358
802.076408
802.076455
802.076509
802.076564
802.076622
802.076688
802.076763
802.076820
802.076985
802.077051
802.077114
802.077170
802.077227
802.077280
802.077330
802.077387
802.077439
802.077491
802.077542
802.077602
802.077660
802.077712
802.077767
802.077819
802.077875
802.077926
802.078024
802.078089
802.078156
802.078218
802.078278
802.078325
802.097182
802.097322
802.097375
802.097418
802.097460
802.097503
802.097544
802.097586
802.097627
802.097741
802.097785
802.097824
802.097865
802.097907
802.097951
802.097990
802.098031
802.098070
802.098113
802.098158
802.098197
802.098489
802.098539
802.098579
802.098622
802.098664
802.098707
802.098746
802.098784
802.098826
802.098868
802.098905
802.098946
802.098986
802.099065
802.099109
802.099160
802.100356
802.100409
802.100452
802.100498
802.100542
802.100584
802.100625
802.100664
802.100705
802.139082
802.139308
802.139372
802.139424
802.139480
802.139607
802.139662
802.139713
802.139763
802.139806
802.139864
802.139915
802.139969
802.140018
802.140064
802.140116
802.140165
802.140396
802.140509
802.140560
802.140607
802.140660
802.140710
802.140753
802.140803
802.140856
802.140907
802.140955
802.141005
802.141055
802.141097
802.141141
802.141181
802.141222
802.141266
802.141308
802.141350
802.141394
802.141433
802.141474
802.141581
802.141648
802.141713
802.141780
802.141847
802.141920
802.168918
802.169051
802.169113
802.169166
802.169225
802.169283
802.169896
802.169960
802.170013
802.170059
802.170104
802.170146
802.170192
802.170240
802.170291
802.170347
802.170406
802.170457
802.170506
802.170544
802.170580
802.170619
802.170655
802.170691
802.170727
802.170765
802.170802
802.170838
802.170876
802.170912
802.170948
802.170984
802.171023
802.171059
802.171096
802.171132
802.171168
802.171271
802.171312
802.171350
802.171388
802.171455
802.171509
802.171557
802.171607
802.171652
802.197953
802.198060
802.198139
802.198184
802.198227
802.198267
802.198308
802.198351
802.198465
802.198509
802.198551
802.198595
802.198637
802.198677
802.198718
802.198759
802.198801
802.198846
802.198886
802.198925
802.198965
802.199006
802.199048
802.199087
802.199124
802.199162
802.199263
802.199309
802.199352
802.199396
802.199437
802.199476
802.199514
802.199553
802.199590
802.199629
802.199667
802.199705
802.199744
802.199783
802.199821
802.199859
802.199902
802.199941
802.199980
802.200019
802.225018
802.225129
802.225178
802.225222
802.225265
802.225307
802.225352
802.225397
802.225441
802.225519
802.225567
802.225611
802.225656
802.225697
802.225741
802.225782
802.225828
802.225876
802.225922
802.225966
802.226007
802.226050
802.226093
802.226138
802.226180
802.226222
802.226265
802.226310
802.226353
802.226394
802.226436
802.226477
802.226526
802.226577
802.226619
802.226662
802.226702
802.226745
802.226787
802.226830
802.226872
802.226914
802.226956
802.226999
802.227043
802.227087
802.272331
802.272441
802.272485
802.272524
802.272561
802.272601
802.272638
802.272679
802.272741
802.272785
802.272830
802.272876
802.272913
802.272958
802.272997
802.273036
802.273074
802.273114
802.273154
802.273195
802.273242
802.273285
802.273323
802.273363
802.273405
802.273442
802.273483
802.273521
802.273559
802.273597
802.273636
802.273675
802.273712
802.273751
802.273789
802.273828
802.273867
802.273904
802.273944
802.273982
802.274023
802.274063
802.274102
802.274141
802.274179
802.274217
802.301832
802.301941
802.301986
802.302028
802.302066
802.302107
802.302146
802.302188
802.302226
802.302269
802.302310
802.302353
802.302394
802.302436
802.302475
802.302516
802.302554
802.302597
802.302639
802.302678
802.302716
802.302760
802.302802
802.302843
802.302886
802.302924
802.303479
802.303540
802.303579
802.303617
802.303658
802.303695
802.303734
802.303772
802.303810
802.303849
802.303887
802.303928
802.303965
802.304002
802.304039
802.304076
802.304114
802.304152
802.304190
802.304228
802.335734
802.335874
802.335921
802.335961
802.336003
802.336045
802.336084
802.336195
802.336236
802.336276
802.336316
802.336420
802.336463
802.336502
802.336539
802.336579
802.336617
802.336654
802.336691
802.336729
802.336767
802.336805
802.336843
802.336880
802.336919
802.336961
802.337000
802.337038
802.337077
802.337116
802.337156
802.337194
802.337231
802.337268
802.337306
802.337343
802.337380
802.337417
802.337458
802.337495
802.337533
802.337571
802.337609
802.337647
802.337684
802.337721
802.366070
802.366165
802.366207
802.366283
802.366328
802.366365
802.366406
802.366443
802.366483
802.366522
802.366559
802.366596
802.366635
802.366673
802.366710
802.366746
802.366786
802.366822
802.366858
802.366895
802.366933
802.366970
802.367009
802.367045
802.367082
802.367118
802.367156
802.367258
802.369331
802.369391
802.369432
802.369469
802.369508
802.369545
802.369584
802.369624
802.369662
802.369699
802.369736
802.369775
802.369814
802.369851
802.369889
802.369928
802.369966
802.370003
802.411958
802.412060
802.412102
802.412143
802.412181
802.412222
802.412263
802.412306
802.412346
802.412462
802.412503
802.412543
802.412581
802.412622
802.412663
802.412701
802.412739
802.412782
802.412820
802.412860
802.412898
802.412938
802.412977
802.413017
802.413079
802.413121
802.413169
802.413207
802.413246
802.413286
802.413326
802.413369
802.413409
802.413448
802.413487
802.413531
802.413570
802.413610
802.413650
802.413690
802.413729
802.413768
802.413806
802.413843
802.413881
802.413921
802.438245
802.438352
802.438397
802.438438
802.438479
802.438517
802.438559
802.438596
802.438635
802.438675
802.438712
802.438750
802.438786
802.438829
802.438869
802.438906
802.438943
802.438981
802.439020
802.439056
802.439096
802.439133
802.439172
802.439265
802.439305
802.439345
802.439386
802.439423
802.439462
802.439502
802.439539
802.439576
802.439614
802.439652
802.439689
802.439726
802.439762
802.439799
802.439837
802.439875
802.439913
802.439950
802.439990
802.440028
802.440064
802.440101
802.470194
802.470313
802.470359
802.470400
802.470444
802.470486
802.470532
802.470575
802.470617
802.470660
802.470702
802.470743
802.470785
802.470826
802.470866
802.470910
802.470951
802.470995
802.474022
802.474106
802.474150
802.474193
802.474235
802.474277
802.474318
802.474357
802.474397
802.474437
802.474475
802.474516
802.474557
802.474596
802.474637
802.474679
802.474722
802.474774
802.474821
802.474861
802.474899
802.474941
802.474979
802.475020
802.475059
802.475097
802.475136
802.475174
802.497122
802.497233
802.497276
802.497318
802.497357
802.497399
802.497439
802.497480
802.497517
802.497557
802.497594
802.497634
802.497673
802.497711
802.497828
802.497873
802.497914
802.497953
802.497992
802.498029
802.498066
802.498103
802.498140
802.498176
802.498213
802.498250
802.498288
802.498324
802.498361
802.498399
802.498437
802.498473
802.498513
802.498550
802.498590
802.498628
802.498665
802.498702
802.498738
802.498778
802.498816
802.498855
802.498897
802.498934
802.498971
802.499008
802.545169
802.545221
802.545239
802.545255
802.545271
802.545286
802.545299
802.545312
802.545328
802.545341
802.545354
802.545369
802.545382
802.545396
802.545410
802.545424
802.545437
802.545450
802.545463
802.545476
802.545489
802.545503
802.545516
802.545530
802.545543
802.545557
802.545571
802.545614
802.545692
802.545706
802.545731
802.545744
802.545759
802.545771
802.545784
802.545797
802.545810
802.545824
802.545837
802.545850
802.545864
802.545877
802.545890
802.545902
802.545915
802.545928
802.569555
802.569677
802.569724
802.569765
802.569809
802.569853
802.571564
802.571648
802.571691
802.571733
802.571775
802.571813
802.571854
802.571895
802.571933
802.571970
802.572012
802.572051
802.572129
802.572185
802.572236
802.572291
802.572340
802.572387
802.572434
802.604791
802.604891
802.604933
802.604973
802.605014
802.605055
802.605095
802.605137
802.605174
802.605211
802.605278
802.605318
802.605359
802.605398
802.605438
802.605474
802.605509
802.605545
802.605582
802.605618
802.605656
802.605694
802.605731
802.605771
802.605809
802.605847
802.605885
802.605921
802.605961
802.605999
802.606036
802.606073
802.606114
802.606150
802.606186
802.606225
802.606262
802.606299
802.606336
802.606376
802.606416
802.606454
802.606491
802.606528
802.606566
802.606605
802.635744
802.635850
802.635894
802.635933
802.635974
802.636041
802.636084
802.636163
802.636206
802.636246
802.636286
802.636324
802.636362
802.636399
802.636435
802.636473
802.636509
802.636545
802.636581
802.636617
802.636653
802.636689
802.636727
802.636767
802.636803
802.636838
802.636874
802.636910
802.636948
802.636984
802.637023
802.637058
802.637094
802.637130
802.637165
802.637203
802.637239
802.637274
802.637309
802.637345
802.637381
802.637417
802.637454
802.637491
802.637527
802.637563
802.658685
802.658790
802.658833
802.658874
802.658916
802.658956
802.658994
802.659032
802.659068
802.659109
802.659149
802.659188
802.659257
802.659301
802.659339
802.659377
802.659415
802.659455
802.659496
802.659532
802.659569
802.659608
802.659649
802.659689
802.659726
802.659763
802.659799
802.659836
802.659874
802.659915
802.659952
802.659991
802.660028
802.660066
802.660102
802.660141
802.660179
802.660215
802.660254
802.660293
802.660334
802.660371
802.660408
802.660670
802.660712
802.660750
802.700354
802.700454
802.700494
802.700532
802.700570
802.700609
802.700647
802.700687
802.700725
802.700835
802.700877
802.700916
802.700952
802.700990
802.701026
802.701064
802.701099
802.701134
802.701170
802.701207
802.701243
802.701279
802.701317
802.701355
802.701391
802.701427
802.701464
802.701504
802.701543
802.701581
802.701619
802.701656
802.701695
802.701731
802.701771
802.701808
802.701846
802.701886
802.701923
802.701960
802.701997
802.702033
802.702071
802.702109
802.702147
802.702184
802.735488
802.735607
802.735654
802.735695
802.735739
802.735784
802.735829
802.735869
802.735911
802.735954
802.735996
802.736041
802.736083
802.736126
802.736167
802.736275
802.736472
802.736519
802.736558
802.736597
802.736699
802.736742
802.736783
802.736820
802.736859
802.736898
802.736938
802.736978
802.737016
802.737053
802.737092
802.737129
802.737169
802.737207
802.737246
802.737292
802.737331
802.737371
802.737408
802.737445
802.737482
802.737522
802.737560
802.737597
802.737637
802.737675
802.772357
802.772458
802.772499
802.772537
802.772577
802.772615
802.772654
802.772691
802.772729
802.772837
802.772880
802.772917
802.772957
802.772994
802.773033
802.773075
802.773112
802.773152
802.773189
802.773228
802.773265
802.773303
802.773340
802.773377
802.773417
802.773456
802.773493
802.773529
802.773568
802.773609
802.773646
802.773685
802.773725
802.773762
802.773799
802.773838
802.773875
802.773914
802.773951
802.773987
802.774024
802.774061
802.774097
802.774133
802.774171
802.774207
802.805531
802.805643
802.805686
802.805729
802.805771
802.805815
802.805857
802.805898
802.805936
802.805976
802.806087
802.806130
802.806169
802.806210
802.806275
802.806577
802.806623
802.806664
802.806701
802.806740
802.806777
802.806816
802.806855
802.806892
802.806928
802.806967
802.807003
802.807039
802.807077
802.807114
802.807149
802.807188
802.807250
802.807289
802.807326
802.807362
802.807399
802.807438
802.807474
802.807510
802.807548
802.807587
802.807623
802.807660
802.807696
802.807733
802.831440
802.831558
802.831603
802.831644
802.831687
802.831729
802.831768
802.831809
802.831846
802.831958
802.832002
802.832043
802.832080
802.832120
802.832159
802.832200
802.832237
802.832278
802.832316
802.832353
802.832391
802.832428
802.832468
802.832506
802.832543
802.832580
802.832616
802.832658
802.832696
802.832733
802.832770
802.832807
802.832843
802.832879
802.832915
802.832952
802.832991
802.833028
802.833065
802.833104
802.833140
802.833177
802.833214
802.833251
802.833287
802.833327
802.871402
802.871513
802.871557
802.871597
802.871692
802.871733
802.872127
802.872175
802.872215
802.872253
802.872293
802.872332
802.872369
802.872406
802.872444
802.872480
802.872517
802.872553
802.872589
802.872629
802.872666
802.872706
802.872742
802.872779
802.872815
802.872854
802.872890
802.872928
802.872964
802.873000
802.873037
802.873073
802.873109
802.873146
802.873183
802.873223
802.873259
802.873298
802.873334
802.873371
802.873407
802.873442
802.873479
802.873515
802.873550
802.873588
802.910193
802.910294
802.910336
802.910377
802.910419
802.910460
802.910497
802.910538
802.910579
802.910618
802.910693
802.910734
802.910771
802.910810
802.910851
802.910892
802.910930
802.910971
802.911010
802.911046
802.911084
802.911124
802.911165
802.911281
802.911325
802.911362
802.911401
802.911442
802.911479
802.911515
802.911553
802.911592
802.911632
802.911669
802.911707
802.911747
802.911794
802.911836
802.911874
802.911913
802.911950
802.911987
802.912023
802.912061
802.912098
802.912137
802.933539
802.933595
802.933613
802.933628
802.933644
802.933660
802.933674
802.933689
802.933712
802.933728
802.933743
802.933758
802.933772
802.933788
802.933804
802.933818
802.933831
802.933845
802.933860
802.933875
802.933889
802.933903
802.933918
802.933932
802.933947
802.933961
802.933974
802.933987
802.934002
802.934083
802.934096
802.934109
802.934132
802.934145
802.934159
802.934171
802.934184
802.934199
802.934213
802.934226
802.934239
802.934251
802.934264
802.934278
802.934291
802.934304
802.968309
802.968422
802.968468
802.968512
802.968557
802.968598
802.968639
802.968682
802.968721
802.968842
802.968886
802.968926
802.968966
802.969008
802.969047
802.969087
802.969125
802.969170
802.969208
802.969250
802.969288
802.969329
802.969368
802.969410
802.969451
802.969489
802.969526
802.969565
802.969605
802.969646
802.969684
802.969723
802.969761
802.969798
802.969836
802.969874
802.969916
802.969954
802.969992
802.970031
802.970070
802.970108
802.970150
802.970189
802.970228
802.970267
803.005916
803.006019
803.006061
803.006102
803.006139
803.006180
803.006217
803.006257
803.006296
803.006336
803.006376
803.006418
803.006458
803.006497
803.006535
803.006572
803.006609
803.006713
803.006754
803.006792
803.006829
803.006868
803.006908
803.006945
803.006986
803.007026
803.007063
803.007099
803.007138
803.007177
803.007677
803.007725
803.007768
803.007806
803.007845
803.007882
803.007919
803.007957
803.007994
803.008031
803.008068
803.008105
803.008143
803.008184
803.008222
803.008259
803.033903
803.034004
803.034045
803.034086
803.034126
803.034167
803.034203
803.034242
803.034350
803.034393
803.034433
803.034472
803.034512
803.034550
803.034590
803.034629
803.034665
803.034704
803.034740
803.034778
803.034814
803.034855
803.034895
803.034937
803.034976
803.035014
803.035051
803.035088
803.035126
803.035163
803.035254
803.035296
803.035334
803.035372
803.035410
803.035450
803.035493
803.035531
803.035571
803.035609
803.035649
803.035687
803.035726
803.035765
803.035803
803.035842
803.070755
803.070867
803.070911
803.070955
803.070997
803.071036
803.071079
803.071119
803.071159
803.071221
803.071732
803.071790
803.071830
803.071873
803.071911
803.073603
803.073671
803.073720
803.073760
803.073798
803.073839
803.073878
803.073916
803.073958
803.073999
803.074037
803.074076
803.074114
803.074155
803.074197
803.074237
803.074278
803.074317
803.074355
803.074397
803.074436
803.074473
803.074513
803.074555
803.074593
803.074631
803.074675
803.074715
803.074753
803.074791
803.074832
803.104736
803.104853
803.104902
803.105370
803.105427
803.105470
803.105512
803.105554
803.105594
803.105634
803.105673
803.105718
803.105758
803.105797
803.105838
803.105876
803.105916
803.105954
803.105990
803.106031
803.106068
803.106108
803.106146
803.106185
803.106226
803.106268
803.106306
803.106349
803.106386
803.106426
803.106464
803.106502
803.106541
803.106581
803.106619
803.106658
803.106700
803.106737
803.106775
803.106815
803.106854
803.106899
803.106949
803.107005
803.107058
803.107109
803.139333
803.139448
803.139492
803.139536
803.139580
803.139622
803.139689
803.139733
803.139852
803.139896
803.139939
803.139980
803.140022
803.140064
803.140105
803.140148
803.140191
803.140233
803.140274
803.140317
803.140359
803.140400
803.140442
803.140482
803.140522
803.140564
803.140604
803.140644
803.140687
803.140727
803.140767
803.140808
803.140851
803.140894
803.140988
803.141029
803.141071
803.141455
803.141507
803.141547
803.141586
803.141625
803.141662
803.141703
803.141741
803.141846
803.174193
803.174300
803.174343
803.174384
803.174426
803.174467
803.174506
803.174545
803.174589
803.174630
803.174747
803.174792
803.174832
803.174873
803.174912
803.174954
803.174997
803.175039
803.175079
803.175116
803.175153
803.175188
803.175322
803.175364
803.175405
803.175443
803.175483
803.175521
803.175558
803.175595
803.175635
803.175675
803.175716
803.175758
803.175795
803.175833
803.175873
803.175913
803.175950
803.175987
803.176025
803.176063
803.176105
803.176145
803.176183
803.176221
803.212720
803.212775
803.212795
803.212811
803.212827
803.212843
803.212860
803.212874
803.212888
803.212902
803.212915
803.212929
803.212942
803.212955
803.212969
803.212982
803.212995
803.213009
803.213022
803.213034
803.213048
803.213063
803.213076
803.213089
803.213103
803.213131
803.213147
803.213162
803.213176
803.213189
803.213202
803.213216
803.213230
803.213244
803.213258
803.213271
803.213284
803.213297
803.213309
803.213322
803.213335
803.213348
803.213360
803.213376
803.213388
803.213401
803.230787
803.230896
803.230938
803.230978
803.231017
803.231055
803.231095
803.231133
803.231250
803.231357
803.231402
803.231441
803.231478
803.231520
803.231559
803.231600
803.231641
803.231683
803.231723
803.231762
803.231800
803.231840
803.231880
803.231917
803.231954
803.231995
803.232032
803.232068
803.232106
803.232142
803.232180
803.232219
803.232256
803.232293
803.232330
803.232366
803.232403
803.232440
803.232479
803.232516
803.232553
803.232589
803.232626
803.232663
803.232701
803.232741
803.257859
803.257965
803.258008
803.258047
803.258088
803.258129
803.258170
803.258210
803.258251
803.258328
803.258369
803.258405
803.258445
803.258481
803.258521
803.258558
803.258598
803.258635
803.258671
803.258707
803.258743
803.258781
803.258818
803.258855
803.258891
803.258927
803.258964
803.259003
803.259039
803.259078
803.259114
803.259150
803.259187
803.259308
803.259351
803.259392
803.259432
803.259470
803.259507
803.259544
803.259580
803.259617
803.259655
803.259691
803.259727
803.259769
803.301406
803.301516
803.301556
803.301597
803.301638
803.301677
803.301716
803.301756
803.301868
803.301909
803.301949
803.301989
803.302026
803.302063
803.302102
803.302141
803.302176
803.302216
803.302254
803.302316
803.302356
803.302396
803.302436
803.302473
803.302510
803.302547
803.302588
803.302627
803.302664
803.302702
803.302739
803.302779
803.302816
803.302853
803.302890
803.302927
803.302968
803.303004
803.303041
803.303077
803.303115
803.303154
803.303191
803.303275
803.303316
803.303358
803.336022
803.336133
803.336177
803.336219
803.336261
803.336300
803.336345
803.336462
803.338689
803.338755
803.338795
803.338835
803.338872
803.338909
803.338950
803.338986
803.339022
803.339059
803.339126
803.339174
803.339249
803.339301
803.339349
803.339395
803.339441
803.366121
803.366222
803.366263
803.366301
803.366344
803.366381
803.366421
803.366458
803.366496
803.366600
803.366644
803.366683
803.366720
803.366757
803.366794
803.366834
803.366875
803.366915
803.366955
803.366995
803.367032
803.367071
803.367108
803.367150
803.367190
803.367288
803.367329
803.367371
803.367414
803.367453
803.367490
803.367528
803.367568
803.367605
803.367643
803.367682
803.367720
803.367758
803.367795
803.367833
803.367870
803.367911
803.367948
803.367984
803.368022
803.368059
803.402087
803.402196
803.402240
803.402282
803.402324
803.402364
803.402405
803.402445
803.402489
803.402604
803.402648
803.402686
803.402727
803.402766
803.402804
803.402842
803.402880
803.402918
803.402957
803.403043
803.403088
803.403130
803.403170
803.403241
803.403288
803.403328
803.403367
803.403405
803.403444
803.403484
803.403523
803.403566
803.403605
803.403648
803.403688
803.403727
803.403769
803.403808
803.403850
803.403892
803.403929
803.403966
803.404003
803.404809
803.404892
803.404957
803.435077
803.435181
803.435284
803.435329
803.435369
803.435410
803.435451
803.435490
803.435527
803.435638
803.435682
803.435719
803.435759
803.435795
803.435832
803.435873
803.435912
803.435952
803.435989
803.436028
803.436068
803.436105
803.436145
803.436182
803.436219
803.436256
803.436293
803.436335
803.436372
803.436414
803.436451
803.436488
803.436527
803.436564
803.436603
803.436641
803.436679
803.436717
803.436755
803.436793
803.436833
803.436873
803.436910
803.436948
803.436985
803.437023
803.473843
803.473943
803.473983
803.474021
803.474060
803.474097
803.474136
803.474175
803.474211
803.474249
803.474355
803.474399
803.474436
803.474473
803.474511
803.474549
803.474587
803.474622
803.474656
803.474692
803.474728
803.474766
803.474803
803.474840
803.474878
803.474915
803.474951
803.474989
803.475027
803.475063
803.475101
803.475137
803.475176
803.476766
803.476812
803.476850
803.476886
803.476922
803.476961
803.476998
803.477034
803.477070
803.477105
803.477142
803.477179
803.477215
803.504126
803.504235
803.504279
803.504320
803.504358
803.504399
803.504845
803.504890
803.504934
803.504980
803.505022
803.505060
803.505098
803.505134
803.505171
803.505210
803.505249
803.505288
803.505331
803.505369
803.505411
803.505450
803.505492
803.505534
803.505574
803.505612
803.505651
803.505690
803.505732
803.505771
803.505812
803.505852
803.505893
803.505933
803.505975
803.506016
803.506061
803.506103
803.506141
803.506180
803.506217
803.506257
803.506298
803.506340
803.506383
803.506423
803.534736
803.534790
803.534807
803.534824
803.534842
803.534859
803.534876
803.534892
803.534906
803.534919
803.534932
803.534947
803.534962
803.534975
803.534988
803.535002
803.535017
803.535031
803.535044
803.535058
803.535071
803.535084
803.535096
803.535109
803.535124
803.535137
803.535151
803.535166
803.535180
803.535214
803.535229
803.535243
803.535258
803.535272
803.535285
803.535298
803.535312
803.535327
803.535339
803.535352
803.535365
803.535378
803.535390
803.535403
803.535416
803.535430
803.568859
803.568969
803.569011
803.569054
803.569094
803.569134
803.569175
803.569213
803.569250
803.569292
803.569332
803.569369
803.569406
803.569445
803.569485
803.569525
803.569562
803.569599
803.569637
803.569673
803.569711
803.569754
803.569792
803.569834
803.569871
803.569909
803.569952
803.569991
803.570030
803.570068
803.570106
803.570147
803.570186
803.570225
803.570268
803.570307
803.570346
803.570386
803.570428
803.570467
803.570554
803.570593
803.572727
803.572774
803.572813
803.572851
803.593773
803.593880
803.593922
803.593966
803.594009
803.594050
803.594094
803.594136
803.594210
803.594253
803.594293
803.594333
803.594377
803.594418
803.594461
803.594503
803.594544
803.594584
803.594624
803.594663
803.594702
803.594740
803.594781
803.594821
803.594860
803.594897
803.594934
803.594973
803.595013
803.595053
803.595089
803.595125
803.595163
803.595249
803.595812
803.595902
803.595946
803.595987
803.596026
803.596067
803.596110
803.596150
803.596190
803.596229
803.596270
803.596311
803.635357
803.635460
803.635499
803.635539
803.635578
803.635617
803.635654
803.635693
803.635730
803.635769
803.635876
803.635920
803.635958
803.635996
803.636035
803.636074
803.636110
803.636150
803.636218
803.636258
803.636299
803.636335
803.636374
803.636411
803.636448
803.636485
803.636522
803.636560
803.636600
803.636638
803.636676
803.636715
803.636754
803.636793
803.636832
803.636871
803.636910
803.636947
803.636989
803.637027
803.637065
803.637103
803.637141
803.637178
803.637217
803.637255
803.666963
803.667092
803.667135
803.667172
803.667611
803.667659
803.667699
803.667734
803.667773
803.667811
803.667850
803.667886
803.667921
803.667959
803.667997
803.668036
803.668074
803.668112
803.668150
803.668188
803.668226
803.668265
803.668301
803.668336
803.668372
803.668410
803.668446
803.668483
803.668519
803.668557
803.668593
803.668628
803.668665
803.668702
803.668737
803.668774
803.668809
803.668845
803.668880
803.668916
803.668953
803.668989
803.669027
803.669064
803.669100
803.669139
803.703688
803.703792
803.703834
803.703874
803.703914
803.703954
803.703994
803.704033
803.704074
803.704115
803.704156
803.704267
803.704332
803.704371
803.704411
803.704452
803.704493
803.704530
803.704568
803.704605
803.704642
803.704678
803.704717
803.704758
803.704796
803.704835
803.704874
803.704912
803.704953
803.704990
803.705027
803.705065
803.705103
803.705141
803.705178
803.705218
803.705255
803.705295
803.705333
803.705371
803.705411
803.705448
803.705487
803.705525
803.705562
803.705600
803.741293
803.741404
803.741451
803.741494
803.741537
803.741582
803.741625
803.741664
803.741708
803.741750
803.741791
803.741834
803.741873
803.741916
803.741955
803.741996
803.742111
803.742157
803.742198
803.742240
803.742281
803.742324
803.742363
803.742403
803.742440
803.742476
803.742516
803.742553
803.742594
803.742638
803.742689
803.742749
803.742866
803.742923
803.742966
803.743003
803.743041
803.743078
803.743118
803.743160
803.743229
803.743442
803.743491
803.743529
803.743571
803.743607
803.769366
803.769465
803.769506
803.769545
803.769583
803.769622
803.769660
803.769699
803.769735
803.769774
803.769812
803.769848
803.769887
803.769925
803.769963
803.770001
803.770038
803.770074
803.770109
803.770145
803.770181
803.770216
803.770254
803.770290
803.770326
803.770362
803.770401
803.770437
803.770477
803.770515
803.770553
803.770590
803.770627
803.770664
803.770703
803.770740
803.770777
803.770817
803.770855
803.770893
803.770931
803.770974
803.771811
803.771861
803.771902
803.771940
803.808899
803.809013
803.809057
803.809100
803.809142
803.809181
803.809244
803.809291
803.809341
803.809379
803.809423
803.809467
803.809549
803.809594
803.809635
803.809680
803.809727
803.809775
803.809819
803.809858
803.809903
803.809945
803.809986
803.810024
803.810063
803.810102
803.810141
803.810181
803.810219
803.810261
803.810300
803.810339
803.810380
803.810420
803.810459
803.810498
803.810537
803.810577
803.810614
803.810654
803.810693
803.810732
803.810771
803.810809
803.810846
803.835687
803.835798
803.835841
803.835883
803.835926
803.835967
803.836010
803.836086
803.836127
803.836167
803.836208
803.836248
803.836286
803.836326
803.836364
803.836402
803.836441
803.836480
803.836521
803.836563
803.836602
803.836642
803.836680
803.836721
803.836763
803.836804
803.836843
803.836881
803.836919
803.836957
803.836997
803.837038
803.837075
803.837117
803.837156
803.837197
803.837236
803.837351
803.838561
803.838607
803.838645
803.838681
803.838718
803.838757
803.838799
803.838835
803.870916
803.871017
803.871062
803.871104
803.871148
803.871187
803.871303
803.871380
803.871422
803.871463
803.871501
803.871538
803.871575
803.871613
803.871652
803.871691
803.871734
803.871771
803.871807
803.871845
803.871882
803.871919
803.871959
803.871995
803.872034
803.872074
803.872114
803.872151
803.872189
803.872227
803.872265
803.872303
803.872341
803.872378
803.872415
803.872453
803.872491
803.872529
803.872567
803.872606
803.872643
803.872682
803.872725
803.872765
803.872803
803.872842
803.890962
803.891070
803.891112
803.891154
803.891195
803.892173
803.892224
803.892268
803.892311
803.892351
803.892391
803.892430
803.892470
803.892508
803.892546
803.892585
803.892625
803.892662
803.892700
803.892741
803.892780
803.892822
803.892863
803.892903
803.892944
803.892984
803.893022
803.893060
803.893098
803.893138
803.893176
803.893213
803.893251
803.893294
803.893333
803.893371
803.893411
803.893449
803.893486
803.893524
803.893561
803.893598
803.893635
803.893675
803.893714
803.893752
803.893791
803.935495
803.935602
803.935647
803.935692
803.935733
803.935779
803.935824
803.935865
803.935909
803.935953
803.935994
803.936034
803.936075
803.936118
803.936162
803.936207
803.936247
803.936289
803.936330
803.936372
803.936414
803.936454
803.936501
803.936541
803.936583
803.936626
803.936666
803.936707
803.936748
803.936793
803.936837
803.937300
803.937359
803.937409
803.937453
803.937493
803.937535
803.937577
803.937619
803.937660
803.937702
803.937747
803.937788
803.937833
803.937880
803.937925
803.937975
803.974537
803.974639
803.974680
803.974720
803.974759
803.974798
803.974836
803.974873
803.974913
803.974950
803.974989
803.975026
803.975062
803.975100
803.975136
803.975172
803.975302
803.975349
803.975390
803.975431
803.975467
803.975503
803.975541
803.975578
803.975615
803.975653
803.975690
803.975726
803.975765
803.975802
803.975839
803.975876
803.975915
803.975952
803.975988
803.976027
803.976063
803.976100
803.976138
803.976178
803.976215
803.976251
803.976288
803.976325
803.976361
803.976401
803.976437
804.000607
804.000720
804.000764
804.000810
804.000852
804.000893
804.000934
804.000975
804.001017
804.001060
804.001100
804.001141
804.001183
804.001293
804.001337
804.001378
804.001420
804.001460
804.001500
804.001542
804.001580
804.001619
804.001659
804.001700
804.001738
804.001776
804.001815
804.001856
804.001902
804.001945
804.001984
804.002024
804.002063
804.002107
804.002145
804.002185
804.002224
804.002263
804.002302
804.002341
804.002381
804.002420
804.002458
804.002498
804.002537
804.002581
804.002620
804.037860
804.037978
804.038056
804.038102
804.038144
804.038186
804.038228
804.038269
804.038390
804.038433
804.038472
804.038512
804.038553
804.038592
804.038631
804.038670
804.038708
804.038748
804.038785
804.038821
804.038861
804.038898
804.038937
804.038976
804.039013
804.039053
804.039090
804.039128
804.039165
804.039248
804.039287
804.039325
804.039364
804.039402
804.039440
804.039477
804.039514
804.039551
804.039588
804.039627
804.039664
804.039703
804.039740
804.039778
804.039815
804.039855
804.073497
804.073602
804.073645
804.073688
804.073729
804.073770
804.073810
804.073851
804.073893
804.074016
804.074065
804.074109
804.074148
804.074186
804.074227
804.074269
804.074310
804.074350
804.074391
804.074429
804.074466
804.074505
804.074546
804.074585
804.074625
804.074663
804.074703
804.074746
804.074784
804.074822
804.074863
804.074902
804.074944
804.074983
804.075024
804.075064
804.075106
804.075144
804.075183
804.075297
804.075342
804.075381
804.075419
804.075458
804.075501
804.075542
804.110607
804.110706
804.110746
804.110786
804.110825
804.110862
804.110900
804.110939
804.110977
804.111016
804.111052
804.111087
804.111127
804.111166
804.111999
804.112050
804.112090
804.112127
804.112166
804.112207
804.112242
804.112278
804.112314
804.112350
804.112386
804.112422
804.112459
804.112495
804.112530
804.112567
804.112603
804.112644
804.112682
804.112720
804.112756
804.112792
804.112832
804.112868
804.112904
804.112940
804.112977
804.113013
804.113104
804.113169
804.113318
804.113384
804.138524
804.138579
804.138597
804.138615
804.138633
804.138649
804.138664
804.138679
804.138692
804.138707
804.138721
804.138735
804.138748
804.138761
804.138774
804.138788
804.138803
804.138818
804.138833
804.138846
804.138859
804.138873
804.138888
804.138902
804.138916
804.138930
804.138942
804.138955
804.138968
804.138982
804.138994
804.139008
804.139023
804.139036
804.139050
804.139063
804.139076
804.139089
804.139102
804.139115
804.139129
804.139142
804.139155
804.139168
804.139180
804.176956
804.177071
804.177115
804.177155
804.177200
804.177239
804.177284
804.177326
804.177368
804.177411
804.177452
804.177506
804.177557
804.177655
804.177706
804.177756
804.177799
804.177844
804.177888
804.177929
804.177970
804.178013
804.178056
804.178096
804.178136
804.178176
804.178215
804.178257
804.178297
804.178337
804.178375
804.178412
804.178449
804.178486
804.178524
804.178562
804.178600
804.178637
804.178673
804.178711
804.178748
804.178785
804.178824
804.178861
804.178898
804.178936
804.200587
804.200687
804.200727
804.200767
804.200806
804.200845
804.200885
804.200924
804.200962
804.201001
804.201039
804.201078
804.201116
804.201152
804.201189
804.201228
804.201264
804.201301
804.201337
804.201373
804.201412
804.201449
804.201485
804.201524
804.201562
804.201600
804.201637
804.201676
804.201713
804.201748
804.201787
804.201824
804.201863
804.201900
804.201937
804.201974
804.202011
804.202050
804.202086
804.202123
804.202159
804.202197
804.202233
804.202270
804.202313
804.202353
804.240809
804.240908
804.240948
804.240987
804.241026
804.241064
804.241102
804.241138
804.241176
804.241285
804.241327
804.241364
804.241400
804.241436
804.241471
804.241507
804.241547
804.241583
804.241621
804.241662
804.241698
804.241734
804.241770
804.241806
804.241842
804.241880
804.241917
804.241955
804.241991
804.242029
804.242064
804.242100
804.242138
804.242174
804.242209
804.242244
804.242283
804.242321
804.242357
804.242393
804.242429
804.242466
804.242502
804.242538
804.242574
804.242612
804.272139
804.272251
804.272293
804.272335
804.272376
804.272418
804.272457
804.272995
804.273045
804.273086
804.273123
804.273162
804.273202
804.273239
804.273280
804.273317
804.273353
804.273392
804.273430
804.273468
804.273504
804.273540
804.273576
804.273612
804.273648
804.273684
804.273723
804.273763
804.273800
804.273837
804.273873
804.273910
804.273947
804.273986
804.274022
804.274057
804.274093
804.274131
804.274167
804.274205
804.274241
804.274277
804.274313
804.274349
804.274384
804.274420
804.305918
804.306035
804.306079
804.306123
804.306166
804.306210
804.306251
804.306295
804.306408
804.306457
804.306499
804.307197
804.307308
804.307361
804.307403
804.307442
804.307483
804.307522
804.307560
804.307598
804.307638
804.307679
804.307722
804.307762
804.307798
804.307836
804.307874
804.307912
804.307949
804.307985
804.308022
804.308060
804.308097
804.308135
804.308172
804.308215
804.308251
804.308288
804.308387
804.308452
804.308514
804.308580
804.308643
804.308712
804.308773
804.308836
804.340966
804.341072
804.341118
804.341156
804.341197
804.341239
804.341282
804.341323
804.341361
804.341400
804.341511
804.341556
804.341596
804.341634
804.341673
804.341710
804.341749
804.341788
804.341826
804.341863
804.341903
804.341939
804.341977
804.342013
804.342053
804.342089
804.342128
804.342164
804.342200
804.342236
804.342273
804.342309
804.342348
804.342384
804.342423
804.342460
804.342498
804.342535
804.342571
804.342610
804.342646
804.342683
804.342719
804.342756
804.342792
804.342829
804.368190
804.368311
804.368355
804.368397
804.368439
804.368481
804.368523
804.368566
804.368608
804.368650
804.368693
804.368735
804.368773
804.368811
804.368849
804.368887
804.368926
804.368965
804.369003
804.369042
804.369081
804.369123
804.369162
804.369206
804.369246
804.369289
804.369328
804.369369
804.369408
804.369446
804.369484
804.369527
804.369572
804.369614
804.369654
804.369694
804.369735
804.369775
804.369815
804.369855
804.369898
804.369938
804.369978
804.370018
804.370058
804.370098
804.403768
804.403888
804.403936
804.403982
804.404027
804.404080
804.404126
804.404172
804.404298
804.404371
804.404417
804.404464
804.404506
804.404551
804.404595
804.404635
804.404676
804.404776
804.404820
804.407902
804.407967
804.408016
804.408059
804.408100
804.408140
804.408186
804.408224
804.408262
804.408303
804.408345
804.408383
804.408421
804.408461
804.408504
804.408610
804.408676
804.408750
804.408819
804.436593
804.436856
804.437204
804.437336
804.437427
804.437500
804.437543
804.437583
804.437623
804.437661
804.437701
804.437737
804.437776
804.437816
804.437855
804.437892
804.437931
804.437967
804.438003
804.438040
804.438078
804.438115
804.438156
804.438194
804.438230
804.438267
804.438304
804.438341
804.438377
804.438414
804.438454
804.438491
804.438530
804.438567
804.438605
804.438643
804.438681
804.438721
804.438758
804.438796
804.438836
804.438873
804.438909
804.438946
804.438984
804.439022
804.473834
804.473932
804.473972
804.474010
804.474049
804.474086
804.474125
804.474163
804.474200
804.474240
804.474275
804.474314
804.474352
804.474390
804.474426
804.474464
804.474500
804.474536
804.474571
804.474607
804.474645
804.474683
804.474723
804.474758
804.474797
804.474837
804.474874
804.474910
804.474947
804.474983
804.475019
804.475056
804.475092
804.475129
804.475166
804.475260
804.475301
804.475338
804.475375
804.475415
804.475451
804.475490
804.475526
804.475563
804.475599
804.475638
804.511593
804.511645
804.511663
804.511678
804.511694
804.511709
804.511723
804.511736
804.511750
804.511764
804.511777
804.511789
804.511804
804.511817
804.511830
804.511843
804.511858
804.511870
804.511883
804.511897
804.511912
804.511926
804.511938
804.511951
804.511965
804.511978
804.511990
804.512004
804.512018
804.512032
804.512046
804.512097
804.512115
804.512127
804.512140
804.512154
804.512168
804.512182
804.512196
804.512210
804.512225
804.512238
804.512251
804.512267
804.512281
804.512295
804.535721
804.535839
804.535881
804.535927
804.535974
804.536017
804.536058
804.536102
804.536142
804.536218
804.536261
804.536302
804.536342
804.536380
804.536421
804.536458
804.536498
804.536537
804.536574
804.536612
804.536649
804.536687
804.536725
804.536766
804.536805
804.536848
804.536892
804.536933
804.536972
804.537013
804.537052
804.537092
804.537134
804.537173
804.537213
804.537252
804.537292
804.537335
804.537374
804.537417
804.537461
804.537500
804.537543
804.537583
804.537621
804.537661
804.561064
804.561186
804.561230
804.561272
804.561309
804.561352
804.561390
804.561430
804.561472
804.561511
804.561549
804.561587
804.561629
804.561741
804.561784
804.561823
804.561862
804.561900
804.561938
804.561979
804.562018
804.562056
804.562095
804.562135
804.562172
804.562213
804.562250
804.562292
804.562330
804.562401
804.562442
804.562481
804.562520
804.562564
804.562603
804.562645
804.562683
804.562723
804.562761
804.562799
804.562838
804.562875
804.562914
804.562953
804.562991
804.563029
804.602189
804.602293
804.602334
804.602373
804.602414
804.602453
804.602491
804.602531
804.602638
804.602682
804.602722
804.602764
804.602801
804.602840
804.602881
804.602921
804.602958
804.602995
804.603036
804.603073
804.603114
804.603151
804.603190
804.603260
804.603302
804.603340
804.603377
804.603415
804.603451
804.603489
804.603526
804.603563
804.603605
804.603642
804.603679
804.603717
804.603757
804.603795
804.603833
804.603869
804.603906
804.603943
804.603980
804.604018
804.604059
804.604098
804.634773
804.634875
804.634916
804.634955
804.634994
804.635033
804.635072
804.635111
804.635149
804.635188
804.636093
804.636140
804.636181
804.636220
804.636259
804.636296
804.636333
804.636369
804.636404
804.636441
804.636477
804.636513
804.636553
804.636592
804.636628
804.636666
804.636702
804.636740
804.636777
804.636812
804.636851
804.636888
804.636925
804.636962
804.637004
804.637039
804.637078
804.637121
804.637160
804.637257
804.637719
804.637770
804.637812
804.637850
804.637887
804.637924
804.674209
804.674319
804.674363
804.674406
804.674449
804.674491
804.674538
804.674576
804.674615
804.674653
804.674694
804.674732
804.674775
804.674818
804.674858
804.674897
804.674936
804.674977
804.675019
804.675061
804.675101
804.675141
804.675182
804.675290
804.675334
804.675376
804.675418
804.675456
804.675494
804.675530
804.675567
804.675607
804.675643
804.675680
804.675717
804.675754
804.675791
804.675829
804.675866
804.675904
804.675947
804.675987
804.676024
804.676064
804.676107
804.676144
804.695668
804.695776
804.695816
804.695854
804.695894
804.695933
804.695972
804.696008
804.696046
804.696149
804.696192
804.696232
804.696269
804.696305
804.696344
804.696383
804.696419
804.696456
804.696497
804.696534
804.696574
804.696613
804.696652
804.696688
804.696744
804.696786
804.696822
804.696862
804.696901
804.696938
804.696978
804.697015
804.697051
804.697087
804.697123
804.697159
804.697199
804.697240
804.697278
804.697315
804.697352
804.697391
804.697428
804.697466
804.697502
804.697542
804.737787
804.737941
804.737989
804.738036
804.738083
804.738128
804.738172
804.738215
804.738259
804.738302
804.738347
804.738388
804.738436
804.738480
804.738521
804.738566
804.738608
804.738655
804.738696
804.738735
804.738774
804.738821
804.738863
804.738905
804.738946
804.738989
804.739030
804.739123
804.739164
804.739590
804.739644
804.739747
804.739793
804.739832
804.739871
804.739909
804.739948
804.739988
804.740026
804.740063
804.740105
804.740145
804.740186
804.740271
804.740343
804.740407
804.772153
804.772277
804.772346
804.772393
804.772438
804.772484
804.772526
804.772570
804.772614
804.772662
804.772712
804.772761
804.772806
804.772848
804.772894
804.772938
804.772986
804.773030
804.773142
804.773192
804.773234
804.773277
804.773319
804.773358
804.773399
804.773443
804.773484
804.773524
804.773564
804.773607
804.773647
804.773690
804.773731
804.773773
804.773815
804.773856
804.773898
804.773941
804.773983
804.774025
804.774065
804.774107
804.774149
804.774190
804.774233
804.774275
804.808861
804.808964
804.809007
804.809051
804.809094
804.809140
804.809182
804.809225
804.809267
804.809311
804.809351
804.809393
804.809436
804.809475
804.809517
804.809560
804.809599
804.809639
804.809684
804.809723
804.809764
804.809806
804.809848
804.809893
804.809936
804.809978
804.810020
804.810069
804.810113
804.810159
804.810207
804.810252
804.810293
804.810335
804.810376
804.810417
804.810458
804.810502
804.810544
804.810584
804.810624
804.810665
804.810708
804.810754
804.810796
804.810839
804.833547
804.833601
804.833623
804.833642
804.833656
804.833670
804.833683
804.833696
804.833708
804.833723
804.833737
804.833749
804.833762
804.833775
804.833788
804.833800
804.833812
804.833825
804.833838
804.833851
804.833865
804.833878
804.833891
804.833903
804.833934
804.833948
804.833962
804.833974
804.833986
804.833999
804.834011
804.834023
804.834035
804.834048
804.834060
804.834073
804.834084
804.834096
804.834108
804.834120
804.834133
804.834145
804.834157
804.834169
804.834181
804.834192
804.869693
804.869823
804.869869
804.869911
804.869949
804.869988
804.870029
804.870068
804.870145
804.870183
804.870220
804.870261
804.870302
804.870339
804.870377
804.870417
804.870458
804.870497
804.870534
804.870576
804.870624
804.870667
804.870706
804.870744
804.870784
804.870825
804.870864
804.870904
804.870942
804.870981
804.871017
804.871054
804.871092
804.871128
804.871165
804.871251
804.871294
804.871333
804.871369
804.871408
804.871444
804.871481
804.871518
804.871557
804.871596
804.871632
804.890940
804.891040
804.891082
804.891123
804.891163
804.891227
804.892532
804.892591
804.892630
804.892668
804.892713
804.892751
804.892791
804.892831
804.892869
804.892908
804.892948
804.892985
804.893024
804.893061
804.893101
804.893138
804.893175
804.893215
804.893252
804.893292
804.893329
804.893367
804.893470
804.893536
804.893603
804.893673
804.893738
804.893806
804.893870
804.937617
804.937724
804.937766
804.937806
804.937849
804.937890
804.937928
804.937969
804.938009
804.938051
804.938095
804.938132
804.938172
804.938209
804.938248
804.938289
804.938330
804.938368
804.938406
804.938445
804.938483
804.938521
804.938561
804.938600
804.938639
804.938683
804.938721
804.938759
804.938797
804.938835
804.938876
804.938914
804.938951
804.938991
804.939030
804.939071
804.939109
804.939149
804.939188
804.939309
804.939354
804.939393
804.939433
804.939472
804.939512
804.939550
804.974594
804.974694
804.974733
804.974771
804.974810
804.974848
804.974884
804.974922
804.975031
804.975071
804.975108
804.975146
804.975182
804.975240
804.975278
804.975314
804.975350
804.975386
804.975422
804.975461
804.975497
804.975532
804.975572
804.975608
804.975644
804.975681
804.975716
804.975751
804.975787
804.975822
804.975857
804.975894
804.975933
804.975969
804.976005
804.976042
804.976080
804.976115
804.976151
804.976190
804.976227
804.976262
804.976301
804.976337
804.976372
804.976409
805.007336
805.007434
805.007474
805.007513
805.007552
805.007589
805.007626
805.007667
805.007705
805.007747
805.007782
805.007821
805.007858
805.007896
805.008001
805.008045
805.008085
805.008125
805.008163
805.008200
805.008236
805.008272
805.008308
805.008344
805.008381
805.008420
805.008457
805.008495
805.008532
805.008568
805.008608
805.008645
805.008682
805.008719
805.008755
805.008796
805.008833
805.008871
805.008908
805.008945
805.008981
805.009021
805.009057
805.009093
805.009130
805.009167
805.037066
805.037180
805.037225
805.037266
805.037308
805.037352
805.037394
805.037436
805.037474
805.037515
805.037558
805.037598
805.037640
805.037680
805.037804
805.037847
805.037886
805.037925
805.037966
805.038008
805.038046
805.038089
805.038132
805.038170
805.038211
805.038251
805.038292
805.038331
805.038370
805.038411
805.038798
805.038845
805.038884
805.038922
805.038961
805.038998
805.039036
805.039074
805.039116
805.039154
805.040571
805.040621
805.040662
805.040700
805.040739
805.040776
805.070130
805.070232
805.070273
805.070314
805.070354
805.070391
805.070430
805.070467
805.070506
805.070543
805.070579
805.070619
805.070722
805.070763
805.070801
805.070839
805.070876
805.070915
805.070955
805.070992
805.071031
805.071068
805.071106
805.071143
805.071182
805.071882
805.071929
805.071966
805.072004
805.072040
805.072076
805.072113
805.072149
805.072185
805.072221
805.072258
805.072294
805.072331
805.072368
805.072403
805.072443
805.072479
805.072516
805.072552
805.072588
805.072626
805.098602
805.098732
805.098774
805.098816
805.098859
805.098900
805.098939
805.099017
805.099055
805.099096
805.099136
805.099174
805.099257
805.099301
805.099340
805.099378
805.099418
805.099456
805.099494
805.099533
805.099572
805.099610
805.099647
805.099688
805.099727
805.099768
805.099805
805.099843
805.099884
805.099921
805.099958
805.099996
805.100034
805.100072
805.100111
805.100151
805.100192
805.100231
805.100268
805.100304
805.100341
805.100382
805.100418
805.100454
805.100491
805.100529
805.148177
805.148296
805.148350
805.148402
805.148456
805.148507
805.148556
805.148606
805.148652
805.148703
805.148754
805.148801
805.148853
805.148901
805.148953
805.149004
805.149055
805.149107
805.149155
805.149209
805.149257
805.149308
805.149360
805.149410
805.149459
805.149508
805.149561
805.149611
805.149660
805.149709
805.149758
805.149810
805.149861
805.149911
805.149963
805.150022
805.150075
805.150130
805.150182
805.150235
805.150284
805.150332
805.150382
805.150433
805.150482
805.150528
805.164298
805.164349
805.164366
805.164382
805.164397
805.164411
805.164426
805.164440
805.164455
805.164468
805.164480
805.164494
805.164507
805.164520
805.164532
805.164544
805.164557
805.164570
805.164584
805.164597
805.164612
805.164626
805.164639
805.164651
805.164664
805.164695
805.164742
805.164761
805.164775
805.164789
805.164803
805.164815
805.164828
805.164840
805.164853
805.164866
805.164879
805.164891
805.164903
805.164915
805.164926
805.164938
805.164951
805.164965
805.164978
805.164990
805.203715
805.203819
805.203860
805.203899
805.203939
805.203980
805.204017
805.204054
805.204133
805.204173
805.204214
805.204251
805.204289
805.204329
805.204368
805.204408
805.204447
805.204487
805.204526
805.204607
805.204648
805.204686
805.204724
805.204763
805.204804
805.204841
805.205128
805.205175
805.205216
805.205255
805.205291
805.205328
805.205364
805.205403
805.205443
805.205482
805.205520
805.205558
805.205598
805.205635
805.205672
805.205713
805.205751
805.205789
805.205825
805.205861
805.224998
805.225104
805.225148
805.225189
805.225229
805.225266
805.225307
805.225347
805.225386
805.225423
805.225460
805.225567
805.225609
805.225649
805.225688
805.225727
805.225767
805.225808
805.225846
805.225886
805.225924
805.225962
805.226000
805.226041
805.226116
805.226159
805.226197
805.226239
805.226278
805.226317
805.226354
805.226394
805.226432
805.226471
805.226509
805.226548
805.226585
805.226624
805.226662
805.226699
805.226737
805.226778
805.226818
805.226855
805.226891
805.226928
805.266907
805.267010
805.267052
805.267092
805.267129
805.267170
805.267260
805.267304
805.267424
805.267467
805.267507
805.267547
805.267584
805.267624
805.267662
805.267702
805.267741
805.267778
805.267815
805.267853
805.267890
805.267928
805.267965
805.268002
805.268038
805.268077
805.268116
805.268155
805.268192
805.268232
805.268272
805.268309
805.268350
805.268389
805.268426
805.268463
805.268500
805.268536
805.268572
805.268609
805.268647
805.268683
805.268720
805.268759
805.268796
805.268834
805.304150
805.304266
805.304311
805.304353
805.304395
805.304436
805.304479
805.304521
805.304563
805.304603
805.304649
805.304687
805.304799
805.304845
805.304886
805.304976
805.305018
805.305058
805.305234
805.305281
805.305319
805.305359
805.305398
805.305814
805.305858
805.305896
805.305933
805.305971
805.306008
805.306047
805.306084
805.306122
805.306159
805.306200
805.306240
805.306277
805.306315
805.306353
805.306393
805.306433
805.306473
805.306510
805.306547
805.306638
805.306706
805.306773
805.336382
805.336501
805.336544
805.336585
805.336625
805.336668
805.336710
805.336753
805.336795
805.336836
805.336878
805.336922
805.336962
805.337003
805.337041
805.337083
805.337123
805.337162
805.337228
805.337269
805.337307
805.337345
805.337383
805.337426
805.337465
805.337502
805.337543
805.337584
805.337624
805.337666
805.337708
805.337747
805.337788
805.337829
805.337866
805.337906
805.337949
805.337988
805.338028
805.338094
805.338137
805.338178
805.338227
805.338270
805.338310
805.338353
805.369731
805.369832
805.369873
805.369913
805.369953
805.369992
805.370031
805.370069
805.370105
805.370145
805.370256
805.370297
805.370337
805.370376
805.370413
805.370449
805.370488
805.370528
805.370565
805.370603
805.370640
805.370680
805.370715
805.370755
805.370792
805.370829
805.370866
805.370903
805.370939
805.370980
805.371022
805.371059
805.371100
805.371138
805.371177
805.371242
805.371282
805.371319
805.371356
805.371396
805.371432
805.371469
805.371506
805.371543
805.371582
805.371618
805.403978
805.404100
805.404146
805.404189
805.404235
805.404279
805.404323
805.404366
805.404489
805.404535
805.404578
805.404621
805.404663
805.404706
805.404745
805.404787
805.404828
805.404871
805.404913
805.404954
805.404990
805.405191
805.405233
805.405273
805.405312
805.405349
805.405386
805.405422
805.405459
805.405497
805.405533
805.405570
805.405606
805.405646
805.405683
805.405720
805.405757
805.405796
805.405833
805.405872
805.405910
805.405946
805.405984
805.406020
805.406056
805.406094
805.439389
805.439492
805.439533
805.439573
805.439612
805.439648
805.439688
805.439729
805.439770
805.439810
805.439848
805.439888
805.439926
805.439966
805.440004
805.440042
805.440081
805.440121
805.440159
805.440203
805.440242
805.440284
805.440322
805.440361
805.440398
805.440435
805.440473
805.440510
805.441632
805.441678
805.441715
805.441771
805.441809
805.441893
805.441960
805.442024
805.442087
805.442155
805.443997
805.444058
805.444110
805.444157
805.444202
805.444246
805.444285
805.444324
805.475915
805.476015
805.476058
805.476098
805.476141
805.476184
805.476224
805.476265
805.476305
805.476378
805.476416
805.476455
805.476492
805.476528
805.476567
805.476605
805.476645
805.476686
805.476725
805.476762
805.476800
805.476837
805.476874
805.476911
805.476951
805.476991
805.477028
805.477069
805.477106
805.477147
805.477185
805.477223
805.477260
805.477296
805.477333
805.477374
805.477411
805.477448
805.477486
805.477523
805.477563
805.477600
805.477638
805.477675
805.477714
805.477752
805.500403
805.500511
805.500553
805.500595
805.500635
805.500675
805.500716
805.500757
805.500793
805.500832
805.500908
805.500950
805.500988
805.501026
805.501067
805.501107
805.501148
805.501188
805.501228
805.501288
805.501332
805.501371
805.501409
805.501450
805.501488
805.502744
805.502808
805.502882
805.502939
805.502991
805.503038
805.503084
805.503128
805.503175
805.503801
805.503857
805.503901
805.503944
805.503985
805.504028
805.504069
805.504108
805.504146
805.504183
805.504223
805.504262
805.542456
805.542560
805.542601
805.542639
805.542678
805.542717
805.542756
805.542793
805.542835
805.542872
805.542908
805.542948
805.542986
805.543025
805.543061
805.543098
805.543137
805.543173
805.544262
805.544320
805.544357
805.544396
805.544436
805.544473
805.544512
805.544549
805.544586
805.544624
805.544661
805.544699
805.544735
805.544775
805.544812
805.544879
805.544932
805.544980
805.545029
805.545074
805.545121
805.545166
805.545212
805.545259
805.545303
805.545350
805.545395
805.545445
805.571150
805.571833
805.571851
805.571933
805.571974
805.572011
805.572047
805.572087
805.572128
805.572166
805.572205
805.572244
805.572283
805.572322
805.572362
805.572397
805.572434
805.572473
805.572512
805.572551
805.572588
805.572625
805.572662
805.572698
805.572737
805.572774
805.572811
805.572848
805.572884
805.572921
805.572957
805.572993
805.573029
805.573071
805.573107
805.573144
805.573180
805.573219
805.573256
805.573293
805.573329
805.573365
805.573404
805.573441
805.573478
805.573516
805.602727
805.602833
805.602875
805.602914
805.602955
805.602996
805.603037
805.603077
805.603191
805.603258
805.603300
805.603338
805.603376
805.603417
805.603458
805.603495
805.603535
805.603575
805.603616
805.603656
805.603693
805.603733
805.603774
805.603812
805.603853
805.603890
805.603931
805.603968
805.604006
805.604043
805.604085
805.604123
805.604160
805.604197
805.604234
805.604271
805.604309
805.604350
805.604391
805.604429
805.604467
805.604508
805.604547
805.604585
805.604625
805.604664
805.635917
805.636018
805.636059
805.636097
805.636134
805.636173
805.636212
805.636250
805.636286
805.636324
805.636428
805.636470
805.636506
805.636545
805.636581
805.636618
805.636657
805.636695
805.636734
805.636770
805.636805
805.636842
805.636878
805.636916
805.636953
805.636988
805.637025
805.637061
805.637096
805.637132
805.637170
805.637209
805.637245
805.637281
805.637318
805.637354
805.637393
805.637430
805.637466
805.637503
805.637541
805.637577
805.637618
805.637655
805.637692
805.637730
805.673431
805.673544
805.673587
805.673631
805.673674
805.673717
805.673761
805.673803
805.673846
805.673888
805.673932
805.673974
805.674016
805.674060
805.674103
805.674145
805.674188
805.674254
805.674299
805.674339
805.674383
805.674422
805.674468
805.674512
805.674557
805.674597
805.674638
805.674675
805.674716
805.674755
805.674793
805.674834
805.674874
805.674917
805.674958
805.674999
805.675041
805.675085
805.675125
805.675165
805.675260
805.675305
805.675417
805.675466
805.675507
805.675552
805.707834
805.707933
805.707974
805.708012
805.708051
805.708090
805.708129
805.708168
805.708207
805.708317
805.708360
805.708397
805.708433
805.708472
805.708509
805.708546
805.708582
805.708621
805.708657
805.708697
805.708734
805.708770
805.708810
805.708846
805.708885
805.708921
805.708958
805.708997
805.709033
805.709069
805.709106
805.709144
805.709183
805.709219
805.709257
805.709293
805.709330
805.709366
805.709403
805.709438
805.709475
805.709511
805.709547
805.709939
805.709992
805.710031
805.734607
805.734717
805.734761
805.734806
805.734849
805.734893
805.734935
805.734978
805.735094
805.735141
805.735183
805.735323
805.735371
805.735417
805.735456
805.735498
805.735542
805.735581
805.735624
805.735667
805.735707
805.735748
805.735793
805.735833
805.735875
805.735917
805.735963
805.736006
805.736053
805.736100
805.736141
805.736186
805.736227
805.736270
805.736312
805.736354
805.736394
805.736439
805.736481
805.736523
805.736568
805.736609
805.736651
805.736689
805.736728
805.736768
805.776607
805.776711
805.776752
805.776791
805.776831
805.776871
805.776910
805.776951
805.776990
805.777028
805.777068
805.779698
805.779772
805.779819
805.779857
805.779895
805.779933
805.779970
805.780011
805.780119
805.780186
805.780260
805.780335
805.780407
805.780477
805.780543
805.780608
805.780675
805.780739
805.780803
805.780875
805.801466
805.801571
805.801615
805.801656
805.801697
805.801737
805.801779
805.801819
805.801897
805.801937
805.801974
805.802013
805.802049
805.802086
805.802124
805.802163
805.802203
805.802240
805.802278
805.802319
805.802358
805.802398
805.802436
805.802474
805.802513
805.802554
805.802591
805.802628
805.802668
805.802705
805.802745
805.802784
805.802824
805.802864
805.802901
805.802940
805.802977
805.803013
805.803056
805.803097
805.803134
805.803177
805.803251
805.803292
805.803329
805.803369
805.840831
805.840938
805.840982
805.841028
805.841067
805.841109
805.841153
805.841195
805.841272
805.841312
805.841349
805.841389
805.841430
805.841469
805.841506
805.841543
805.841583
805.841621
805.841659
805.841696
805.841735
805.841777
805.841815
805.841855
805.841892
805.841932
805.841971
805.842009
805.842050
805.842092
805.842130
805.842167
805.842206
805.842243
805.842281
805.842318
805.842355
805.842394
805.842432
805.842470
805.842513
805.842554
805.842592
805.842631
805.842670
805.842708
805.861246
805.861361
805.861404
805.861446
805.861490
805.861531
805.861575
805.861620
805.861658
805.861698
805.861740
805.861779
805.861819
805.861858
805.861900
805.861939
805.861984
805.862025
805.862064
805.862102
805.862145
805.862183
805.862222
805.862260
805.862299
805.862340
805.862379
805.862415
805.862457
805.862497
805.862536
805.862576
805.862617
805.862654
805.862691
805.862730
805.862768
805.862807
805.862846
805.862884
805.862922
805.862965
805.863009
805.863051
805.863090
805.863129
805.893279
805.893383
805.893425
805.893464
805.893504
805.893543
805.893581
805.893620
805.893656
805.893692
805.893730
805.893842
805.893883
805.893919
805.893958
805.893995
805.894032
805.894072
805.894110
805.894150
805.894189
805.894225
805.894261
805.894300
805.894336
805.894375
805.894412
805.894450
805.894488
805.894527
805.894564
805.894599
805.894635
805.894671
805.894708
805.894744
805.894780
805.894817
805.894853
805.894890
805.894926
805.894962
805.894999
805.895035
805.895072
805.895109
805.934707
805.934810
805.934851
805.934891
805.934932
805.934974
805.935016
805.935060
805.935101
805.935179
805.935243
805.935925
805.935979
805.936025
805.936063
805.936103
805.936143
805.936181
805.936220
805.936258
805.936297
805.936336
805.936373
805.936411
805.936450
805.936487
805.936525
805.936562
805.936600
805.936637
805.936676
805.936714
805.936751
805.936787
805.936825
805.936861
805.936898
805.937068
805.937632
805.937672
805.937709
805.937747
805.937786
805.937822
805.937860
805.937899
805.968109
805.968210
805.968251
805.968293
805.968332
805.968372
805.968411
805.968448
805.968487
805.968597
805.968638
805.968675
805.968712
805.968749
805.968789
805.968826
805.968867
805.968904
805.968941
805.968980
805.969018
805.969057
805.969094
805.969132
805.969168
805.969205
805.969244
805.969281
805.969322
805.969360
805.969398
805.969436
805.969473
805.969510
805.969550
805.969587
805.969626
805.969663
805.969701
805.969738
805.969779
805.969817
805.969854
805.969894
805.969931
805.969968
806.006923
806.007040
806.007084
806.007126
806.007166
806.007481
806.007531
806.007571
806.007611
806.007649
806.007687
806.007724
806.007764
806.007800
806.007839
806.007875
806.007914
806.007953
806.007988
806.008027
806.008065
806.008102
806.008138
806.008174
806.008210
806.008247
806.008283
806.008319
806.008356
806.008395
806.008431
806.008466
806.008502
806.008541
806.008577
806.008615
806.008651
806.008688
806.008723
806.008762
806.008798
806.008834
806.008870
806.008906
806.008943
806.008982
806.036642
806.036745
806.036785
806.036824
806.036863
806.036902
806.036940
806.036977
806.037015
806.037053
806.037092
806.037201
806.037242
806.037281
806.037317
806.037355
806.037391
806.037427
806.037466
806.037502
806.037538
806.037573
806.037608
806.037645
806.037681
806.037720
806.037758
806.037797
806.037835
806.037872
806.037908
806.037943
806.037983
806.038021
806.038059
806.038095
806.038130
806.038166
806.038205
806.038242
806.038278
806.038314
806.038349
806.038385
806.038423
806.038460
806.075388
806.075486
806.075527
806.075569
806.075607
806.075648
806.075688
806.075728
806.075768
806.075809
806.075853
806.075894
806.075935
806.075972
806.076012
806.076052
806.076092
806.076130
806.076170
806.076210
806.076317
806.076364
806.076408
806.076451
806.076489
806.076529
806.076570
806.076612
806.076651
806.076696
806.076735
806.076776
806.076819
806.076859
806.076900
806.076942
806.076984
806.077026
806.077065
806.077105
806.077145
806.077186
806.077226
806.077267
806.077307
806.077347
806.107422
806.107536
806.107578
806.107621
806.107663
806.107718
806.107770
806.107822
806.107862
806.107904
806.107947
806.107988
806.108033
806.108078
806.108117
806.108233
806.108278
806.108318
806.108362
806.108468
806.108514
806.108555
806.108600
806.108646
806.108688
806.108730
806.108772
806.108812
806.108850
806.108890
806.108928
806.108973
806.109011
806.109053
806.109095
806.109136
806.109180
806.109219
806.109257
806.109301
806.109341
806.109386
806.109428
806.109470
806.109515
806.109554
806.141631
806.141729
806.141771
806.141807
806.141844
806.141883
806.141922
806.141958
806.142063
806.142105
806.142145
806.142183
806.142221
806.142259
806.142296
806.142334
806.142372
806.142410
806.142446
806.142483
806.142523
806.142562
806.142601
806.142638
806.142675
806.142714
806.142753
806.142790
806.142826
806.142862
806.142898
806.142934
806.142970
806.143010
806.143048
806.143084
806.143121
806.143157
806.143194
806.143278
806.143319
806.143358
806.143395
806.143433
806.143470
806.143506
806.160195
806.160301
806.160342
806.160383
806.160424
806.160464
806.160501
806.160547
806.160590
806.160664
806.160702
806.160741
806.160782
806.160822
806.160859
806.160897
806.160937
806.160977
806.161141
806.161224
806.161253
806.161268
806.161281
806.161294
806.161306
806.161319
806.161333
806.161345
806.161358
806.161371
806.161383
806.161395
806.161408
806.161420
806.161432
806.161444
806.161456
806.161468
806.161481
806.161493
806.161506
806.161517
806.161531
806.161544
806.161556
806.161569
806.203889
806.203997
806.204037
806.204078
806.204115
806.204154
806.204193
806.204234
806.204337
806.204380
806.204420
806.204460
806.204501
806.204538
806.204575
806.204614
806.204653
806.204690
806.204753
806.204795
806.204835
806.204876
806.204912
806.204949
806.204986
806.205022
806.205062
806.205098
806.205136
806.205172
806.205208
806.205246
806.205283
806.205320
806.205357
806.205394
806.205433
806.205470
806.205508
806.205545
806.205581
806.205618
806.205654
806.205691
806.205728
806.205768
806.241092
806.241200
806.241245
806.241287
806.241330
806.241374
806.241413
806.241452
806.241494
806.241538
806.241576
806.241618
806.241662
806.241704
806.241743
806.241784
806.241828
806.241870
806.241914
806.241953
806.241993
806.242037
806.242076
806.242115
806.242156
806.242195
806.242235
806.242274
806.242315
806.242355
806.242395
806.242436
806.242480
806.242524
806.242563
806.242600
806.242641
806.242680
806.242719
806.242757
806.242796
806.242835
806.242880
806.242924
806.242964
806.243004
806.268148
806.268262
806.268307
806.268346
806.268389
806.268431
806.268472
806.268565
806.268609
806.268684
806.268725
806.268763
806.268799
806.268842
806.268883
806.268921
806.268961
806.269003
806.269043
806.269084
806.269122
806.269161
806.269200
806.269237
806.269275
806.269316
806.269356
806.269394
806.269431
806.269468
806.269510
806.269548
806.269589
806.269628
806.269667
806.269706
806.269747
806.269786
806.269824
806.269863
806.269901
806.269939
806.269976
806.270014
806.270052
806.270089
806.306755
806.306857
806.306899
806.306939
806.306978
806.307017
806.307056
806.307096
806.307213
806.307284
806.307325
806.307362
806.307428
806.307472
806.307512
806.307551
806.307591
806.307628
806.307668
806.307705
806.307744
806.307781
806.307817
806.307854
806.307891
806.307929
806.307966
806.308003
806.308041
806.308082
806.308122
806.308162
806.308200
806.308239
806.308278
806.308318
806.308355
806.308393
806.308431
806.308471
806.308509
806.308546
806.308585
806.308623
806.308660
806.308700
806.339420
806.339528
806.339571
806.339611
806.339652
806.339692
806.339733
806.339774
806.339816
806.339853
806.339926
806.339969
806.340010
806.340052
806.340092
806.340128
806.340164
806.340203
806.340242
806.340278
806.340317
806.340355
806.340395
806.340432
806.340468
806.340505
806.340541
806.340578
806.340614
806.340649
806.340685
806.340723
806.340760
806.340798
806.340835
806.340871
806.340907
806.340943
806.340978
806.341014
806.341051
806.341088
806.341128
806.341164
806.341201
806.341238
806.369481
806.369592
806.369639
806.369685
806.369730
806.369775
806.369822
806.369864
806.369903
806.369940
806.370666
806.370715
806.370756
806.370798
806.370840
806.370878
806.370920
806.370961
806.371000
806.371044
806.371084
806.371128
806.371170
806.371312
806.371358
806.371403
806.371445
806.371484
806.371523
806.371568
806.371607
806.371647
806.371686
806.371727
806.371769
806.371809
806.371848
806.371887
806.371928
806.371970
806.372010
806.372050
806.372091
806.372134
806.372173
806.372214
806.406551
806.406656
806.406698
806.406738
806.406776
806.406818
806.406859
806.406900
806.406941
806.406983
806.407094
806.407136
806.407176
806.407263
806.407328
806.407371
806.407410
806.407450
806.407488
806.407796
806.407842
806.407882
806.407920
806.407957
806.407994
806.408030
806.408067
806.408106
806.408144
806.408182
806.408219
806.408258
806.408297
806.408333
806.408373
806.408410
806.408447
806.408483
806.408520
806.408556
806.408592
806.408628
806.408665
806.408701
806.408739
806.408776
806.441365
806.441465
806.441506
806.441544
806.441583
806.441620
806.441658
806.441698
806.441844
806.441937
806.441976
806.442016
806.442055
806.442096
806.442135
806.442172
806.442209
806.442248
806.442287
806.442324
806.442362
806.442399
806.442440
806.442476
806.442512
806.442548
806.442586
806.442622
806.442658
806.442694
806.442731
806.442769
806.442805
806.442842
806.442878
806.442915
806.442953
806.442989
806.443027
806.443063
806.443100
806.443136
806.443176
806.444809
806.444856
806.444894
806.462757
806.462866
806.462909
806.462950
806.462988
806.463026
806.463068
806.463107
806.463184
806.463256
806.463298
806.463337
806.463377
806.463416
806.463456
806.463495
806.463533
806.463571
806.463608
806.463650
806.463687
806.463727
806.463767
806.463808
806.463846
806.463884
806.463925
806.463963
806.464001
806.464040
806.464078
806.464116
806.464159
806.464206
806.464249
806.464290
806.464331
806.464370
806.464410
806.464450
806.464491
806.464530
806.464569
806.464607
806.464647
806.464686
806.507510
806.507561
806.507577
806.507594
806.507610
806.507625
806.507640
806.507653
806.507664
806.507677
806.507690
806.507703
806.507715
806.507726
806.507738
806.507751
806.507763
806.507776
806.507788
806.507801
806.507815
806.507826
806.507839
806.507851
806.507863
806.507875
806.507887
806.507969
806.507983
806.507994
806.508015
806.508027
806.508039
806.508051
806.508063
806.508076
806.508088
806.508100
806.508112
806.508123
806.508134
806.508147
806.508159
806.508170
806.508182
806.508194
806.534539
806.534646
806.534688
806.534732
806.534773
806.534814
806.534852
806.534890
806.534930
806.534970
806.535009
806.535050
806.535088
806.535128
806.535167
806.535285
806.535327
806.535365
806.535405
806.535441
806.535478
806.535515
806.535552
806.535589
806.535629
806.535667
806.535703
806.535743
806.535784
806.535822
806.535859
806.535896
806.535933
806.535970
806.536010
806.536047
806.536086
806.536123
806.536161
806.536200
806.536241
806.536281
806.536388
806.536437
806.536476
806.536514
806.574256
806.574306
806.574322
806.574339
806.574355
806.574371
806.574385
806.574398
806.574411
806.574424
806.574437
806.574450
806.574463
806.574477
806.574489
806.574501
806.574514
806.574526
806.574538
806.574550
806.574562
806.574575
806.574586
806.574599
806.574610
806.574622
806.574633
806.574646
806.574659
806.574671
806.574682
806.574694
806.574707
806.574718
806.574731
806.574743
806.574755
806.574767
806.574779
806.574792
806.574804
806.574817
806.574829
806.574841
806.574852
806.574865
806.603355
806.603459
806.603503
806.603544
806.603586
806.603625
806.603666
806.603706
806.603747
806.603789
806.603829
806.603871
806.603912
806.603952
806.603995
806.604117
806.604164
806.604206
806.604248
806.604288
806.604327
806.604369
806.604408
806.604448
806.604487
806.604529
806.604569
806.604609
806.604660
806.604699
806.604738
806.604777
806.604815
806.604854
806.604893
806.604935
806.604977
806.605016
806.605055
806.605094
806.605134
806.605172
806.605211
806.605249
806.605288
806.605328
806.639007
806.639120
806.639190
806.639368
806.639416
806.639776
806.639820
806.639864
806.639904
806.639944
806.639983
806.640022
806.640058
806.640099
806.640138
806.640174
806.640215
806.640250
806.640290
806.640326
806.640362
806.640406
806.640443
806.640478
806.640517
806.640556
806.640598
806.640636
806.640673
806.640709
806.640745
806.640781
806.640817
806.640854
806.640891
806.640931
806.640968
806.641006
806.641046
806.641084
806.641122
806.641159
806.641199
806.641237
806.641277
806.641317
806.676718
806.676818
806.676858
806.676897
806.676936
806.676976
806.677015
806.677053
806.677091
806.677165
806.677203
806.677243
806.677279
806.677316
806.677354
806.677393
806.677428
806.677464
806.677502
806.677541
806.677578
806.677613
806.677649
806.677688
806.677728
806.677765
806.677804
806.677842
806.677879
806.677916
806.677954
806.677991
806.678027
806.678064
806.678101
806.678140
806.678180
806.678217
806.678254
806.678291
806.678330
806.678990
806.679041
806.679079
806.679117
806.679209
806.708486
806.708587
806.708627
806.708667
806.708706
806.708745
806.708784
806.708822
806.708861
806.708900
806.708938
806.708974
806.709013
806.709051
806.709089
806.709358
806.709402
806.709440
806.709478
806.709517
806.709553
806.709590
806.709626
806.709662
806.709700
806.709738
806.709774
806.709897
806.709969
806.710010
806.710047
806.710084
806.710120
806.710157
806.710194
806.710233
806.710269
806.710305
806.710341
806.710377
806.710415
806.710454
806.710496
806.710538
806.710579
806.710618
806.740066
806.740175
806.740219
806.740259
806.740300
806.740340
806.740381
806.740420
806.740461
806.740502
806.740614
806.740658
806.740696
806.740737
806.740777
806.740813
806.740851
806.740891
806.740930
806.740968
806.741004
806.741043
806.741080
806.741119
806.741159
806.741196
806.741237
806.741275
806.741314
806.741351
806.741388
806.741425
806.741462
806.741500
806.741539
806.741576
806.741613
806.741651
806.741688
806.741726
806.741767
806.741804
806.741842
806.741881
806.741918
806.741960
806.782859
806.782960
806.783002
806.783041
806.783080
806.783118
806.783157
806.783196
806.783260
806.783371
806.783415
806.783452
806.783491
806.783526
806.783565
806.783602
806.783639
806.783675
806.783711
806.783747
806.783785
806.783824
806.783859
806.783898
806.783933
806.783970
806.784005
806.784045
806.784081
806.784117
806.784155
806.784192
806.784233
806.784271
806.784307
806.784344
806.784384
806.784422
806.784461
806.784498
806.784537
806.784574
806.784614
806.784652
806.784689
806.784730
806.807801
806.807909
806.807955
806.807999
806.808041
806.808085
806.808123
806.808165
806.808207
806.808247
806.808327
806.808367
806.808406
806.808444
806.808482
806.808522
806.808561
806.808602
806.808644
806.808687
806.808746
806.808793
806.808831
806.808869
806.808910
806.808948
806.808986
806.809030
806.809070
806.809109
806.809150
806.809188
806.809228
806.809267
806.810333
806.810407
806.810455
806.810510
806.810556
806.810605
806.810650
806.810694
806.810739
806.810785
806.810831
806.810877
806.838677
806.838782
806.838828
806.838870
806.838912
806.838954
806.838998
806.839038
806.839080
806.839119
806.839198
806.839639
806.839693
806.839733
806.839778
806.839817
806.839858
806.839897
806.839939
806.839977
806.840016
806.840055
806.840097
806.840138
806.840176
806.840218
806.840255
806.840295
806.840332
806.840369
806.840412
806.840450
806.840492
806.840532
806.840576
806.840619
806.840659
806.840699
806.840737
806.840776
806.840816
806.840857
806.840899
806.840939
806.840980
806.841022
806.861786
806.862140
806.862194
806.862233
806.862274
806.862315
806.862355
806.862394
806.862437
806.862476
806.862516
806.862554
806.862596
806.862637
806.862678
806.862717
806.862759
806.862802
806.862842
806.862880
806.862916
806.862959
806.863039
806.863083
806.863122
806.863163
806.863242
806.863282
806.863319
806.863358
806.863399
806.863436
806.863473
806.863513
806.863552
806.863590
806.863630
806.863672
806.863710
806.863749
806.863790
806.863828
806.863867
806.863905
806.863941
806.863980
806.902806
806.902905
806.902946
806.902985
806.903022
806.903064
806.903104
806.903143
806.903180
806.903300
806.903376
806.903417
806.903456
806.903495
806.903532
806.903569
806.903609
806.903649
806.903685
806.903737
806.903778
806.903815
806.903852
806.903891
806.903929
806.903968
806.904003
806.904040
806.904077
806.904115
806.904151
806.904187
806.904224
806.904263
806.904299
806.904334
806.904371
806.904406
806.904441
806.904477
806.904514
806.904550
806.904591
806.904628
806.904665
806.904702
806.942293
806.942393
806.942434
806.942473
806.942512
806.942550
806.942587
806.942627
806.942662
806.942701
806.942740
806.942777
806.942814
806.942852
806.942888
806.942924
806.942963
806.943001
806.943038
806.943076
806.943112
806.943151
806.943188
806.943279
806.943320
806.943360
806.943398
806.943434
806.943471
806.943507
806.943546
806.943582
806.943618
806.943655
806.943692
806.943728
806.943765
806.943804
806.943840
806.943876
806.943915
806.943952
806.943989
806.944025
806.944060
806.944099
806.969739
806.969839
806.969880
806.969921
806.969960
806.970000
806.970039
806.970076
806.970113
806.970150
806.970188
806.970228
806.970267
806.970383
806.970427
806.970466
806.970502
806.970539
806.970578
806.970617
806.970656
806.970694
806.970732
806.970771
806.970808
806.970848
806.970886
806.970923
806.970959
806.970999
806.971035
806.971072
806.971112
806.971149
806.971186
806.971643
806.971692
806.971730
806.971768
806.971806
806.971843
806.971881
806.971919
806.971957
806.971994
806.972037
807.008165
807.008268
807.008309
807.008352
807.008392
807.008432
807.008469
807.008508
807.008546
807.008585
807.008624
807.008662
807.008734
807.008774
807.008810
807.008846
807.008886
807.008922
807.008958
807.008994
807.009032
807.009067
807.009107
807.009145
807.009184
807.009221
807.009259
807.009297
807.009336
807.009378
807.009417
807.009455
807.009491
807.009530
807.009568
807.009605
807.009642
807.009679
807.009718
807.009755
807.009792
807.009830
807.009866
807.009903
807.009938
807.009977
807.032425
807.032532
807.032573
807.032613
807.032649
807.032689
807.032729
807.032768
807.032807
807.032847
807.032886
807.032924
807.032963
807.033000
807.033038
807.033079
807.033117
807.033155
807.033196
807.033236
807.033274
807.033312
807.033351
807.033391
807.033429
807.033470
807.033507
807.033548
807.033586
807.033627
807.033688
807.033733
807.033770
807.033817
807.033858
807.033898
807.033938
807.033978
807.034016
807.034055
807.034093
807.034133
807.034173
807.034212
807.034253
807.034292
807.073964
807.074074
807.074119
807.074160
807.074203
807.074243
807.074285
807.074328
807.074368
807.074413
807.074456
807.074498
807.074540
807.074582
807.074622
807.074740
807.074786
807.074828
807.074900
807.075074
807.075119
807.075162
807.075234
807.075277
807.075315
807.075352
807.075389
807.075429
807.075465
807.075502
807.075538
807.075575
807.075614
807.075657
807.075695
807.075735
807.075772
807.075810
807.075847
807.075883
807.075920
807.075957
807.075993
807.076030
807.076066
807.076105
807.109748
807.109850
807.109889
807.109929
807.109970
807.110013
807.110056
807.110094
807.110136
807.110176
807.110216
807.110255
807.110294
807.110335
807.110372
807.110412
807.110448
807.110484
807.110521
807.110560
807.110597
807.110632
807.110669
807.110708
807.110749
807.110788
807.110826
807.110924
807.110964
807.111000
807.111037
807.111073
807.111111
807.111149
807.111192
807.111430
807.111474
807.111513
807.111552
807.111590
807.111628
807.111665
807.111704
807.111744
807.111781
807.111821
807.140141
807.140277
807.140324
807.140365
807.140406
807.140446
807.140488
807.140529
807.140572
807.140611
807.140654
807.140696
807.140819
807.140865
807.140905
807.140944
807.140986
807.141027
807.141069
807.141111
807.141153
807.141195
807.141238
807.141279
807.141320
807.141364
807.141408
807.141447
807.141487
807.141526
807.141566
807.141611
807.141650
807.141688
807.141727
807.141826
807.141865
807.141903
807.141940
807.141980
807.142017
807.142053
807.142090
807.142129
807.142166
807.142204
807.173035
807.173202
807.173252
807.173295
807.173337
807.173377
807.173485
807.173532
807.173574
807.173614
807.173657
807.173697
807.173737
807.173778
807.173822
807.173862
807.173904
807.173944
807.173988
807.174032
807.174072
807.174115
807.174155
807.174198
807.174239
807.174278
807.174318
807.174357
807.174458
807.174499
807.174538
807.174576
807.174614
807.174653
807.174695
807.174733
807.174771
807.174809
807.174846
807.174883
807.174921
807.174958
807.174998
807.175035
807.175073
807.175111
807.209382
807.209481
807.209521
807.209557
807.209597
807.209635
807.209671
807.209710
807.209750
807.209790
807.209832
807.209868
807.209906
807.210333
807.210381
807.210424
807.210463
807.210500
807.210545
807.210581
807.210620
807.210657
807.210693
807.210728
807.210764
807.210801
807.210838
807.210873
807.210909
807.210945
807.210984
807.211021
807.211062
807.211103
807.211141
807.211181
807.211285
807.211327
807.211404
807.211444
807.211482
807.211519
807.211563
807.211602
807.211639
807.211677
807.238764
807.238880
807.238926
807.238968
807.239010
807.239084
807.239130
807.239258
807.239322
807.239426
807.239466
807.241104
807.241190
807.241234
807.241277
807.241318
807.241357
807.241396
807.241433
807.241544
807.241611
807.241686
807.241758
807.241829
807.241896
807.241964
807.242036
807.242102
807.242169
807.242236
807.242300
807.275886
807.275989
807.276030
807.276069
807.276108
807.276147
807.276186
807.276224
807.276261
807.276300
807.276338
807.276377
807.276413
807.276450
807.276490
807.276526
807.276562
807.276600
807.276638
807.276675
807.276713
807.276749
807.276789
807.276829
807.276865
807.276901
807.276937
807.276973
807.277012
807.277048
807.277089
807.277125
807.277161
807.277200
807.277236
807.277272
807.277310
807.277346
807.277383
807.277422
807.277459
807.277496
807.277533
807.277569
807.277607
807.277644
807.302333
807.302431
807.302472
807.302511
807.302550
807.302589
807.302625
807.302663
807.302704
807.302741
807.302777
807.302877
807.302920
807.302956
807.302994
807.303033
807.303068
807.303106
807.303144
807.303180
807.303250
807.303288
807.303325
807.303364
807.303400
807.303436
807.303471
807.303507
807.303543
807.303581
807.303616
807.303652
807.303688
807.303725
807.303764
807.303800
807.303836
807.303872
807.303911
807.303948
807.303985
807.304025
807.304064
807.304104
807.304141
807.304181
807.341262
807.341574
807.341624
807.341704
807.341746
807.341787
807.341829
807.341869
807.341909
807.341951
807.341992
807.342030
807.342070
807.342110
807.342152
807.342191
807.342233
807.342271
807.342310
807.342348
807.342388
807.342428
807.342468
807.342505
807.342546
807.342586
807.342627
807.342665
807.342706
807.342746
807.342783
807.342823
807.342862
807.342900
807.342938
807.342977
807.343015
807.343053
807.343092
807.343131
807.343172
807.343293
807.343337
807.343375
807.343415
807.343456
807.374881
807.374992
807.375033
807.375077
807.375117
807.375157
807.375201
807.375478
807.375524
807.375565
807.375608
807.375646
807.375685
807.375727
807.375766
807.375806
807.375848
807.375886
807.375922
807.376080
807.376121
807.376163
807.376202
807.376240
807.376277
807.376313
807.376350
807.376389
807.376430
807.376466
807.376503
807.376539
807.376576
807.376614
807.376651
807.376689
807.376731
807.376768
807.376803
807.376840
807.376876
807.376912
807.376949
807.376986
807.377023
807.377061
807.410852
807.410960
807.411007
807.411051
807.411095
807.411137
807.411179
807.411462
807.411510
807.411552
807.411593
807.411633
807.411673
807.411715
807.411750
807.411787
807.411824
807.411862
807.411902
807.411942
807.411982
807.412019
807.412055
807.412093
807.412132
807.412171
807.412211
807.412248
807.412285
807.412325
807.412364
807.412403
807.412441
807.412480
807.412518
807.412555
807.412593
807.412630
807.412670
807.412710
807.412751
807.412791
807.412833
807.412874
807.412912
807.412953
807.440332
807.440449
807.440497
807.440546
807.440588
807.440632
807.440680
807.440727
807.440773
807.440894
807.440940
807.440983
807.441024
807.441068
807.441475
807.441534
807.441579
807.441617
807.441658
807.441700
807.441738
807.441778
807.441818
807.441861
807.441901
807.441941
807.441979
807.442018
807.442056
807.442097
807.442135
807.442174
807.442214
807.442251
807.442289
807.442327
807.442366
807.442402
807.442441
807.442479
807.442519
807.442557
807.442594
807.442631
807.442670
807.442707
807.480002
807.480053
807.480070
807.480085
807.480102
807.480118
807.480132
807.480146
807.480160
807.480173
807.480185
807.480198
807.480212
807.480225
807.480239
807.480251
807.480265
807.480278
807.480291
807.480305
807.480318
807.480332
807.480345
807.480359
807.480372
807.480384
807.480398
807.480410
807.480424
807.480438
807.480449
807.480461
807.480473
807.480486
807.480499
807.480511
807.480524
807.480537
807.480549
807.480561
807.480574
807.480586
807.480599
807.480612
807.480625
807.480638
807.506040
807.506159
807.506208
807.506250
807.506296
807.506342
807.506385
807.506428
807.506470
807.506554
807.506597
807.506640
807.506769
807.506817
807.506857
807.506899
807.506942
807.506985
807.507026
807.507065
807.507106
807.507152
807.507193
807.507322
807.507368
807.507414
807.507461
807.507502
807.507543
807.507585
807.507626
807.507669
807.507711
807.507752
807.507794
807.507839
807.507881
807.507922
807.507963
807.508006
807.508048
807.508093
807.508137
807.508179
807.508221
807.508266
807.529126
807.529176
807.529194
807.529209
807.529225
807.529240
807.529255
807.529269
807.529283
807.529296
807.529309
807.529322
807.529333
807.529347
807.529360
807.529373
807.529385
807.529398
807.529410
807.529423
807.529435
807.529447
807.529460
807.529472
807.529484
807.529495
807.529508
807.529521
807.529567
807.529584
807.529596
807.529609
807.529621
807.529634
807.529646
807.529659
807.529673
807.529685
807.529697
807.529713
807.529726
807.529738
807.529751
807.529763
807.529775
807.529788
807.565404
807.565508
807.565551
807.565591
807.565629
807.565667
807.565707
807.565747
807.565823
807.565863
807.565900
807.565941
807.565978
807.566014
807.566052
807.566091
807.566126
807.566163
807.566199
807.566237
807.566275
807.566311
807.566349
807.566386
807.566427
807.566465
807.566502
807.566541
807.566577
807.566615
807.566652
807.566687
807.566726
807.566762
807.566798
807.566834
807.566871
807.566909
807.566947
807.566984
807.567036
807.567073
807.567109
807.567145
807.567180
807.567735
807.602657
807.602755
807.602795
807.602835
807.602876
807.602916
807.602955
807.602991
807.603027
807.603099
807.603140
807.603179
807.603252
807.603293
807.603331
807.603370
807.603410
807.603450
807.603486
807.603523
807.603561
807.603598
807.603639
807.603677
807.603717
807.603756
807.603794
807.603833
807.603873
807.603914
807.603953
807.604048
807.604091
807.604135
807.604175
807.604212
807.604250
807.604292
807.604333
807.604370
807.604407
807.604446
807.604486
807.604523
807.604560
807.604599
807.638069
807.638177
807.638221
807.638260
807.638301
807.638340
807.638379
807.638416
807.638525
807.638570
807.638612
807.638653
807.638696
807.638736
807.638776
807.638814
807.638853
807.638893
807.638932
807.638972
807.639010
807.639050
807.639089
807.639127
807.639167
807.639235
807.639275
807.639316
807.639356
807.639395
807.639434
807.639472
807.639510
807.639552
807.639590
807.639631
807.639671
807.639709
807.639747
807.639784
807.639822
807.639861
807.639899
807.639937
807.639978
807.640017
807.673934
807.674034
807.674076
807.674115
807.674152
807.674192
807.674231
807.674271
807.674311
807.674350
807.674391
807.674432
807.674470
807.674507
807.674543
807.674583
807.674619
807.674657
807.674693
807.674730
807.674768
807.674805
807.674921
807.674967
807.675006
807.675047
807.675085
807.675123
807.675162
807.676991
807.677057
807.677098
807.677141
807.677179
807.677217
807.677257
807.677294
807.677334
807.677374
807.677414
807.677452
807.677489
807.677530
807.677567
807.677606
807.677643
807.697649
807.697768
807.697810
807.697849
807.697891
807.697929
807.697970
807.698009
807.698048
807.698091
807.698204
807.698253
812.005016
812.005218
812.005344
812.005709
812.005757
812.005799
812.005878
812.006221
812.006268
812.006401
812.006448
812.006607
812.006908
812.006991
812.007034
812.007640
812.007719
812.007760
812.007794
812.007961
812.008226
812.008356
812.008403
812.008437
812.008594
812.009073
812.009117
812.009152
812.009227
812.009529
812.009686
812.009730
812.009937
812.010104
812.010145
812.010544
812.868667
812.868811
812.868926
812.869359
812.869396
812.870038
813.172394
813.172526
813.172711
813.172945
813.172984
813.173716
813.939924
813.940052
813.940332
813.940376
813.940423
813.941092
814.386995
814.387141
814.387196
814.388667
814.388746
814.389737
814.580955
814.581121
814.581278
814.581526
814.581575
814.582437
